:0200000460009A
:100000004643464200000156000000000103030081
:1000100000000000000000000000000000000000E0
:1000200000000000000000000000000000000000D0
:1000300000000000000000000000000000000000C0
:1000400000000000010408000000000000000000A3
:100050000000800000000000000000000000000020
:100060000000000000000000000000000000000090
:100070000000000000000000000000000000000080
:10008000EB04180A063204260000000000000000FD
:10009000050404240000000000000000000000002F
:1000A0000000000000000000000000000000000050
:1000B0000604000000000000000000000000000036
:1000C0000000000000000000000000000000000030
:1000D00020041808000000000000000000000000DC
:1000E0000000000000000000000000000000000010
:1000F0000000000000000000000000000000000000
:10010000D8041808000000000000000000000000F3
:100110000204180804200000000000000000000095
:1001200000000000000000000000000000000000CF
:10013000600400000000000000000000000000005B
:1001400000000000000000000000000000000000AF
:10015000000000000000000000000000000000009F
:10016000000000000000000000000000000000008F
:10017000000000000000000000000000000000007F
:10018000000000000000000000000000000000006F
:10019000000000000000000000000000000000005F
:1001A000000000000000000000000000000000004F
:1001B000000000000000000000000000000000003F
:1001C000000100000010000001000000000000001D
:1001D000000001000000000000000000000000001E
:1001E000000000000000000000000000000000000F
:1001F00000000000000000000000000000000000FF
:10020000FFFFFFFFFFFFFFFFFFFFFFFFFFFFFFFFFE
:10021000FFFFFFFFFFFFFFFFFFFFFFFFFFFFFFFFEE
:10022000FFFFFFFFFFFFFFFFFFFFFFFFFFFFFFFFDE
:10023000FFFFFFFFFFFFFFFFFFFFFFFFFFFFFFFFCE
:10024000FFFFFFFFFFFFFFFFFFFFFFFFFFFFFFFFBE
:10025000FFFFFFFFFFFFFFFFFFFFFFFFFFFFFFFFAE
:10026000FFFFFFFFFFFFFFFFFFFFFFFFFFFFFFFF9E
:10027000FFFFFFFFFFFFFFFFFFFFFFFFFFFFFFFF8E
:10028000FFFFFFFFFFFFFFFFFFFFFFFFFFFFFFFF7E
:10029000FFFFFFFFFFFFFFFFFFFFFFFFFFFFFFFF6E
:1002A000FFFFFFFFFFFFFFFFFFFFFFFFFFFFFFFF5E
:1002B000FFFFFFFFFFFFFFFFFFFFFFFFFFFFFFFF4E
:1002C000FFFFFFFFFFFFFFFFFFFFFFFFFFFFFFFF3E
:1002D000FFFFFFFFFFFFFFFFFFFFFFFFFFFFFFFF2E
:1002E000FFFFFFFFFFFFFFFFFFFFFFFFFFFFFFFF1E
:1002F000FFFFFFFFFFFFFFFFFFFFFFFFFFFFFFFF0E
:10030000FFFFFFFFFFFFFFFFFFFFFFFFFFFFFFFFFD
:10031000FFFFFFFFFFFFFFFFFFFFFFFFFFFFFFFFED
:10032000FFFFFFFFFFFFFFFFFFFFFFFFFFFFFFFFDD
:10033000FFFFFFFFFFFFFFFFFFFFFFFFFFFFFFFFCD
:10034000FFFFFFFFFFFFFFFFFFFFFFFFFFFFFFFFBD
:10035000FFFFFFFFFFFFFFFFFFFFFFFFFFFFFFFFAD
:10036000FFFFFFFFFFFFFFFFFFFFFFFFFFFFFFFF9D
:10037000FFFFFFFFFFFFFFFFFFFFFFFFFFFFFFFF8D
:10038000FFFFFFFFFFFFFFFFFFFFFFFFFFFFFFFF7D
:10039000FFFFFFFFFFFFFFFFFFFFFFFFFFFFFFFF6D
:1003A000FFFFFFFFFFFFFFFFFFFFFFFFFFFFFFFF5D
:1003B000FFFFFFFFFFFFFFFFFFFFFFFFFFFFFFFF4D
:1003C000FFFFFFFFFFFFFFFFFFFFFFFFFFFFFFFF3D
:1003D000FFFFFFFFFFFFFFFFFFFFFFFFFFFFFFFF2D
:1003E000FFFFFFFFFFFFFFFFFFFFFFFFFFFFFFFF1D
:1003F000FFFFFFFFFFFFFFFFFFFFFFFFFFFFFFFF0D
:10040000FFFFFFFFFFFFFFFFFFFFFFFFFFFFFFFFFC
:10041000FFFFFFFFFFFFFFFFFFFFFFFFFFFFFFFFEC
:10042000FFFFFFFFFFFFFFFFFFFFFFFFFFFFFFFFDC
:10043000FFFFFFFFFFFFFFFFFFFFFFFFFFFFFFFFCC
:10044000FFFFFFFFFFFFFFFFFFFFFFFFFFFFFFFFBC
:10045000FFFFFFFFFFFFFFFFFFFFFFFFFFFFFFFFAC
:10046000FFFFFFFFFFFFFFFFFFFFFFFFFFFFFFFF9C
:10047000FFFFFFFFFFFFFFFFFFFFFFFFFFFFFFFF8C
:10048000FFFFFFFFFFFFFFFFFFFFFFFFFFFFFFFF7C
:10049000FFFFFFFFFFFFFFFFFFFFFFFFFFFFFFFF6C
:1004A000FFFFFFFFFFFFFFFFFFFFFFFFFFFFFFFF5C
:1004B000FFFFFFFFFFFFFFFFFFFFFFFFFFFFFFFF4C
:1004C000FFFFFFFFFFFFFFFFFFFFFFFFFFFFFFFF3C
:1004D000FFFFFFFFFFFFFFFFFFFFFFFFFFFFFFFF2C
:1004E000FFFFFFFFFFFFFFFFFFFFFFFFFFFFFFFF1C
:1004F000FFFFFFFFFFFFFFFFFFFFFFFFFFFFFFFF0C
:10050000FFFFFFFFFFFFFFFFFFFFFFFFFFFFFFFFFB
:10051000FFFFFFFFFFFFFFFFFFFFFFFFFFFFFFFFEB
:10052000FFFFFFFFFFFFFFFFFFFFFFFFFFFFFFFFDB
:10053000FFFFFFFFFFFFFFFFFFFFFFFFFFFFFFFFCB
:10054000FFFFFFFFFFFFFFFFFFFFFFFFFFFFFFFFBB
:10055000FFFFFFFFFFFFFFFFFFFFFFFFFFFFFFFFAB
:10056000FFFFFFFFFFFFFFFFFFFFFFFFFFFFFFFF9B
:10057000FFFFFFFFFFFFFFFFFFFFFFFFFFFFFFFF8B
:10058000FFFFFFFFFFFFFFFFFFFFFFFFFFFFFFFF7B
:10059000FFFFFFFFFFFFFFFFFFFFFFFFFFFFFFFF6B
:1005A000FFFFFFFFFFFFFFFFFFFFFFFFFFFFFFFF5B
:1005B000FFFFFFFFFFFFFFFFFFFFFFFFFFFFFFFF4B
:1005C000FFFFFFFFFFFFFFFFFFFFFFFFFFFFFFFF3B
:1005D000FFFFFFFFFFFFFFFFFFFFFFFFFFFFFFFF2B
:1005E000FFFFFFFFFFFFFFFFFFFFFFFFFFFFFFFF1B
:1005F000FFFFFFFFFFFFFFFFFFFFFFFFFFFFFFFF0B
:10060000FFFFFFFFFFFFFFFFFFFFFFFFFFFFFFFFFA
:10061000FFFFFFFFFFFFFFFFFFFFFFFFFFFFFFFFEA
:10062000FFFFFFFFFFFFFFFFFFFFFFFFFFFFFFFFDA
:10063000FFFFFFFFFFFFFFFFFFFFFFFFFFFFFFFFCA
:10064000FFFFFFFFFFFFFFFFFFFFFFFFFFFFFFFFBA
:10065000FFFFFFFFFFFFFFFFFFFFFFFFFFFFFFFFAA
:10066000FFFFFFFFFFFFFFFFFFFFFFFFFFFFFFFF9A
:10067000FFFFFFFFFFFFFFFFFFFFFFFFFFFFFFFF8A
:10068000FFFFFFFFFFFFFFFFFFFFFFFFFFFFFFFF7A
:10069000FFFFFFFFFFFFFFFFFFFFFFFFFFFFFFFF6A
:1006A000FFFFFFFFFFFFFFFFFFFFFFFFFFFFFFFF5A
:1006B000FFFFFFFFFFFFFFFFFFFFFFFFFFFFFFFF4A
:1006C000FFFFFFFFFFFFFFFFFFFFFFFFFFFFFFFF3A
:1006D000FFFFFFFFFFFFFFFFFFFFFFFFFFFFFFFF2A
:1006E000FFFFFFFFFFFFFFFFFFFFFFFFFFFFFFFF1A
:1006F000FFFFFFFFFFFFFFFFFFFFFFFFFFFFFFFF0A
:10070000FFFFFFFFFFFFFFFFFFFFFFFFFFFFFFFFF9
:10071000FFFFFFFFFFFFFFFFFFFFFFFFFFFFFFFFE9
:10072000FFFFFFFFFFFFFFFFFFFFFFFFFFFFFFFFD9
:10073000FFFFFFFFFFFFFFFFFFFFFFFFFFFFFFFFC9
:10074000FFFFFFFFFFFFFFFFFFFFFFFFFFFFFFFFB9
:10075000FFFFFFFFFFFFFFFFFFFFFFFFFFFFFFFFA9
:10076000FFFFFFFFFFFFFFFFFFFFFFFFFFFFFFFF99
:10077000FFFFFFFFFFFFFFFFFFFFFFFFFFFFFFFF89
:10078000FFFFFFFFFFFFFFFFFFFFFFFFFFFFFFFF79
:10079000FFFFFFFFFFFFFFFFFFFFFFFFFFFFFFFF69
:1007A000FFFFFFFFFFFFFFFFFFFFFFFFFFFFFFFF59
:1007B000FFFFFFFFFFFFFFFFFFFFFFFFFFFFFFFF49
:1007C000FFFFFFFFFFFFFFFFFFFFFFFFFFFFFFFF39
:1007D000FFFFFFFFFFFFFFFFFFFFFFFFFFFFFFFF29
:1007E000FFFFFFFFFFFFFFFFFFFFFFFFFFFFFFFF19
:1007F000FFFFFFFFFFFFFFFFFFFFFFFFFFFFFFFF09
:10080000FFFFFFFFFFFFFFFFFFFFFFFFFFFFFFFFF8
:10081000FFFFFFFFFFFFFFFFFFFFFFFFFFFFFFFFE8
:10082000FFFFFFFFFFFFFFFFFFFFFFFFFFFFFFFFD8
:10083000FFFFFFFFFFFFFFFFFFFFFFFFFFFFFFFFC8
:10084000FFFFFFFFFFFFFFFFFFFFFFFFFFFFFFFFB8
:10085000FFFFFFFFFFFFFFFFFFFFFFFFFFFFFFFFA8
:10086000FFFFFFFFFFFFFFFFFFFFFFFFFFFFFFFF98
:10087000FFFFFFFFFFFFFFFFFFFFFFFFFFFFFFFF88
:10088000FFFFFFFFFFFFFFFFFFFFFFFFFFFFFFFF78
:10089000FFFFFFFFFFFFFFFFFFFFFFFFFFFFFFFF68
:1008A000FFFFFFFFFFFFFFFFFFFFFFFFFFFFFFFF58
:1008B000FFFFFFFFFFFFFFFFFFFFFFFFFFFFFFFF48
:1008C000FFFFFFFFFFFFFFFFFFFFFFFFFFFFFFFF38
:1008D000FFFFFFFFFFFFFFFFFFFFFFFFFFFFFFFF28
:1008E000FFFFFFFFFFFFFFFFFFFFFFFFFFFFFFFF18
:1008F000FFFFFFFFFFFFFFFFFFFFFFFFFFFFFFFF08
:10090000FFFFFFFFFFFFFFFFFFFFFFFFFFFFFFFFF7
:10091000FFFFFFFFFFFFFFFFFFFFFFFFFFFFFFFFE7
:10092000FFFFFFFFFFFFFFFFFFFFFFFFFFFFFFFFD7
:10093000FFFFFFFFFFFFFFFFFFFFFFFFFFFFFFFFC7
:10094000FFFFFFFFFFFFFFFFFFFFFFFFFFFFFFFFB7
:10095000FFFFFFFFFFFFFFFFFFFFFFFFFFFFFFFFA7
:10096000FFFFFFFFFFFFFFFFFFFFFFFFFFFFFFFF97
:10097000FFFFFFFFFFFFFFFFFFFFFFFFFFFFFFFF87
:10098000FFFFFFFFFFFFFFFFFFFFFFFFFFFFFFFF77
:10099000FFFFFFFFFFFFFFFFFFFFFFFFFFFFFFFF67
:1009A000FFFFFFFFFFFFFFFFFFFFFFFFFFFFFFFF57
:1009B000FFFFFFFFFFFFFFFFFFFFFFFFFFFFFFFF47
:1009C000FFFFFFFFFFFFFFFFFFFFFFFFFFFFFFFF37
:1009D000FFFFFFFFFFFFFFFFFFFFFFFFFFFFFFFF27
:1009E000FFFFFFFFFFFFFFFFFFFFFFFFFFFFFFFF17
:1009F000FFFFFFFFFFFFFFFFFFFFFFFFFFFFFFFF07
:100A0000FFFFFFFFFFFFFFFFFFFFFFFFFFFFFFFFF6
:100A1000FFFFFFFFFFFFFFFFFFFFFFFFFFFFFFFFE6
:100A2000FFFFFFFFFFFFFFFFFFFFFFFFFFFFFFFFD6
:100A3000FFFFFFFFFFFFFFFFFFFFFFFFFFFFFFFFC6
:100A4000FFFFFFFFFFFFFFFFFFFFFFFFFFFFFFFFB6
:100A5000FFFFFFFFFFFFFFFFFFFFFFFFFFFFFFFFA6
:100A6000FFFFFFFFFFFFFFFFFFFFFFFFFFFFFFFF96
:100A7000FFFFFFFFFFFFFFFFFFFFFFFFFFFFFFFF86
:100A8000FFFFFFFFFFFFFFFFFFFFFFFFFFFFFFFF76
:100A9000FFFFFFFFFFFFFFFFFFFFFFFFFFFFFFFF66
:100AA000FFFFFFFFFFFFFFFFFFFFFFFFFFFFFFFF56
:100AB000FFFFFFFFFFFFFFFFFFFFFFFFFFFFFFFF46
:100AC000FFFFFFFFFFFFFFFFFFFFFFFFFFFFFFFF36
:100AD000FFFFFFFFFFFFFFFFFFFFFFFFFFFFFFFF26
:100AE000FFFFFFFFFFFFFFFFFFFFFFFFFFFFFFFF16
:100AF000FFFFFFFFFFFFFFFFFFFFFFFFFFFFFFFF06
:100B0000FFFFFFFFFFFFFFFFFFFFFFFFFFFFFFFFF5
:100B1000FFFFFFFFFFFFFFFFFFFFFFFFFFFFFFFFE5
:100B2000FFFFFFFFFFFFFFFFFFFFFFFFFFFFFFFFD5
:100B3000FFFFFFFFFFFFFFFFFFFFFFFFFFFFFFFFC5
:100B4000FFFFFFFFFFFFFFFFFFFFFFFFFFFFFFFFB5
:100B5000FFFFFFFFFFFFFFFFFFFFFFFFFFFFFFFFA5
:100B6000FFFFFFFFFFFFFFFFFFFFFFFFFFFFFFFF95
:100B7000FFFFFFFFFFFFFFFFFFFFFFFFFFFFFFFF85
:100B8000FFFFFFFFFFFFFFFFFFFFFFFFFFFFFFFF75
:100B9000FFFFFFFFFFFFFFFFFFFFFFFFFFFFFFFF65
:100BA000FFFFFFFFFFFFFFFFFFFFFFFFFFFFFFFF55
:100BB000FFFFFFFFFFFFFFFFFFFFFFFFFFFFFFFF45
:100BC000FFFFFFFFFFFFFFFFFFFFFFFFFFFFFFFF35
:100BD000FFFFFFFFFFFFFFFFFFFFFFFFFFFFFFFF25
:100BE000FFFFFFFFFFFFFFFFFFFFFFFFFFFFFFFF15
:100BF000FFFFFFFFFFFFFFFFFFFFFFFFFFFFFFFF05
:100C0000FFFFFFFFFFFFFFFFFFFFFFFFFFFFFFFFF4
:100C1000FFFFFFFFFFFFFFFFFFFFFFFFFFFFFFFFE4
:100C2000FFFFFFFFFFFFFFFFFFFFFFFFFFFFFFFFD4
:100C3000FFFFFFFFFFFFFFFFFFFFFFFFFFFFFFFFC4
:100C4000FFFFFFFFFFFFFFFFFFFFFFFFFFFFFFFFB4
:100C5000FFFFFFFFFFFFFFFFFFFFFFFFFFFFFFFFA4
:100C6000FFFFFFFFFFFFFFFFFFFFFFFFFFFFFFFF94
:100C7000FFFFFFFFFFFFFFFFFFFFFFFFFFFFFFFF84
:100C8000FFFFFFFFFFFFFFFFFFFFFFFFFFFFFFFF74
:100C9000FFFFFFFFFFFFFFFFFFFFFFFFFFFFFFFF64
:100CA000FFFFFFFFFFFFFFFFFFFFFFFFFFFFFFFF54
:100CB000FFFFFFFFFFFFFFFFFFFFFFFFFFFFFFFF44
:100CC000FFFFFFFFFFFFFFFFFFFFFFFFFFFFFFFF34
:100CD000FFFFFFFFFFFFFFFFFFFFFFFFFFFFFFFF24
:100CE000FFFFFFFFFFFFFFFFFFFFFFFFFFFFFFFF14
:100CF000FFFFFFFFFFFFFFFFFFFFFFFFFFFFFFFF04
:100D0000FFFFFFFFFFFFFFFFFFFFFFFFFFFFFFFFF3
:100D1000FFFFFFFFFFFFFFFFFFFFFFFFFFFFFFFFE3
:100D2000FFFFFFFFFFFFFFFFFFFFFFFFFFFFFFFFD3
:100D3000FFFFFFFFFFFFFFFFFFFFFFFFFFFFFFFFC3
:100D4000FFFFFFFFFFFFFFFFFFFFFFFFFFFFFFFFB3
:100D5000FFFFFFFFFFFFFFFFFFFFFFFFFFFFFFFFA3
:100D6000FFFFFFFFFFFFFFFFFFFFFFFFFFFFFFFF93
:100D7000FFFFFFFFFFFFFFFFFFFFFFFFFFFFFFFF83
:100D8000FFFFFFFFFFFFFFFFFFFFFFFFFFFFFFFF73
:100D9000FFFFFFFFFFFFFFFFFFFFFFFFFFFFFFFF63
:100DA000FFFFFFFFFFFFFFFFFFFFFFFFFFFFFFFF53
:100DB000FFFFFFFFFFFFFFFFFFFFFFFFFFFFFFFF43
:100DC000FFFFFFFFFFFFFFFFFFFFFFFFFFFFFFFF33
:100DD000FFFFFFFFFFFFFFFFFFFFFFFFFFFFFFFF23
:100DE000FFFFFFFFFFFFFFFFFFFFFFFFFFFFFFFF13
:100DF000FFFFFFFFFFFFFFFFFFFFFFFFFFFFFFFF03
:100E0000FFFFFFFFFFFFFFFFFFFFFFFFFFFFFFFFF2
:100E1000FFFFFFFFFFFFFFFFFFFFFFFFFFFFFFFFE2
:100E2000FFFFFFFFFFFFFFFFFFFFFFFFFFFFFFFFD2
:100E3000FFFFFFFFFFFFFFFFFFFFFFFFFFFFFFFFC2
:100E4000FFFFFFFFFFFFFFFFFFFFFFFFFFFFFFFFB2
:100E5000FFFFFFFFFFFFFFFFFFFFFFFFFFFFFFFFA2
:100E6000FFFFFFFFFFFFFFFFFFFFFFFFFFFFFFFF92
:100E7000FFFFFFFFFFFFFFFFFFFFFFFFFFFFFFFF82
:100E8000FFFFFFFFFFFFFFFFFFFFFFFFFFFFFFFF72
:100E9000FFFFFFFFFFFFFFFFFFFFFFFFFFFFFFFF62
:100EA000FFFFFFFFFFFFFFFFFFFFFFFFFFFFFFFF52
:100EB000FFFFFFFFFFFFFFFFFFFFFFFFFFFFFFFF42
:100EC000FFFFFFFFFFFFFFFFFFFFFFFFFFFFFFFF32
:100ED000FFFFFFFFFFFFFFFFFFFFFFFFFFFFFFFF22
:100EE000FFFFFFFFFFFFFFFFFFFFFFFFFFFFFFFF12
:100EF000FFFFFFFFFFFFFFFFFFFFFFFFFFFFFFFF02
:100F0000FFFFFFFFFFFFFFFFFFFFFFFFFFFFFFFFF1
:100F1000FFFFFFFFFFFFFFFFFFFFFFFFFFFFFFFFE1
:100F2000FFFFFFFFFFFFFFFFFFFFFFFFFFFFFFFFD1
:100F3000FFFFFFFFFFFFFFFFFFFFFFFFFFFFFFFFC1
:100F4000FFFFFFFFFFFFFFFFFFFFFFFFFFFFFFFFB1
:100F5000FFFFFFFFFFFFFFFFFFFFFFFFFFFFFFFFA1
:100F6000FFFFFFFFFFFFFFFFFFFFFFFFFFFFFFFF91
:100F7000FFFFFFFFFFFFFFFFFFFFFFFFFFFFFFFF81
:100F8000FFFFFFFFFFFFFFFFFFFFFFFFFFFFFFFF71
:100F9000FFFFFFFFFFFFFFFFFFFFFFFFFFFFFFFF61
:100FA000FFFFFFFFFFFFFFFFFFFFFFFFFFFFFFFF51
:100FB000FFFFFFFFFFFFFFFFFFFFFFFFFFFFFFFF41
:100FC000FFFFFFFFFFFFFFFFFFFFFFFFFFFFFFFF31
:100FD000FFFFFFFFFFFFFFFFFFFFFFFFFFFFFFFF21
:100FE000FFFFFFFFFFFFFFFFFFFFFFFFFFFFFFFF11
:100FF000FFFFFFFFFFFFFFFFFFFFFFFFFFFFFFFF01
:10100000D100204325160060000000000000000011
:10101000201000600010006000EC00600000000084
:101020000000006000F8000000000000FFFFFFFF6C
:10103000FFFFFFFFFFFFFFFFFFFFFFFFFFFFFFFFC0
:10104000FFFFFFFFFFFFFFFFFFFFFFFFFFFFFFFFB0
:10105000FFFFFFFFFFFFFFFFFFFFFFFFFFFFFFFFA0
:10106000FFFFFFFFFFFFFFFFFFFFFFFFFFFFFFFF90
:10107000FFFFFFFFFFFFFFFFFFFFFFFFFFFFFFFF80
:10108000FFFFFFFFFFFFFFFFFFFFFFFFFFFFFFFF70
:10109000FFFFFFFFFFFFFFFFFFFFFFFFFFFFFFFF60
:1010A000FFFFFFFFFFFFFFFFFFFFFFFFFFFFFFFF50
:1010B000FFFFFFFFFFFFFFFFFFFFFFFFFFFFFFFF40
:1010C000FFFFFFFFFFFFFFFFFFFFFFFFFFFFFFFF30
:1010D000FFFFFFFFFFFFFFFFFFFFFFFFFFFFFFFF20
:1010E000FFFFFFFFFFFFFFFFFFFFFFFFFFFFFFFF10
:1010F000FFFFFFFFFFFFFFFFFFFFFFFFFFFFFFFF00
:10110000FFFFFFFFFFFFFFFFFFFFFFFFFFFFFFFFEF
:10111000FFFFFFFFFFFFFFFFFFFFFFFFFFFFFFFFDF
:10112000FFFFFFFFFFFFFFFFFFFFFFFFFFFFFFFFCF
:10113000FFFFFFFFFFFFFFFFFFFFFFFFFFFFFFFFBF
:10114000FFFFFFFFFFFFFFFFFFFFFFFFFFFFFFFFAF
:10115000FFFFFFFFFFFFFFFFFFFFFFFFFFFFFFFF9F
:10116000FFFFFFFFFFFFFFFFFFFFFFFFFFFFFFFF8F
:10117000FFFFFFFFFFFFFFFFFFFFFFFFFFFFFFFF7F
:10118000FFFFFFFFFFFFFFFFFFFFFFFFFFFFFFFF6F
:10119000FFFFFFFFFFFFFFFFFFFFFFFFFFFFFFFF5F
:1011A000FFFFFFFFFFFFFFFFFFFFFFFFFFFFFFFF4F
:1011B000FFFFFFFFFFFFFFFFFFFFFFFFFFFFFFFF3F
:1011C000FFFFFFFFFFFFFFFFFFFFFFFFFFFFFFFF2F
:1011D000FFFFFFFFFFFFFFFFFFFFFFFFFFFFFFFF1F
:1011E000FFFFFFFFFFFFFFFFFFFFFFFFFFFFFFFF0F
:1011F000FFFFFFFFFFFFFFFFFFFFFFFFFFFFFFFFFF
:10120000FFFFFFFFFFFFFFFFFFFFFFFFFFFFFFFFEE
:10121000FFFFFFFFFFFFFFFFFFFFFFFFFFFFFFFFDE
:10122000FFFFFFFFFFFFFFFFFFFFFFFFFFFFFFFFCE
:10123000FFFFFFFFFFFFFFFFFFFFFFFFFFFFFFFFBE
:10124000FFFFFFFFFFFFFFFFFFFFFFFFFFFFFFFFAE
:10125000FFFFFFFFFFFFFFFFFFFFFFFFFFFFFFFF9E
:10126000FFFFFFFFFFFFFFFFFFFFFFFFFFFFFFFF8E
:10127000FFFFFFFFFFFFFFFFFFFFFFFFFFFFFFFF7E
:10128000FFFFFFFFFFFFFFFFFFFFFFFFFFFFFFFF6E
:10129000FFFFFFFFFFFFFFFFFFFFFFFFFFFFFFFF5E
:1012A000FFFFFFFFFFFFFFFFFFFFFFFFFFFFFFFF4E
:1012B000FFFFFFFFFFFFFFFFFFFFFFFFFFFFFFFF3E
:1012C000FFFFFFFFFFFFFFFFFFFFFFFFFFFFFFFF2E
:1012D000FFFFFFFFFFFFFFFFFFFFFFFFFFFFFFFF1E
:1012E000FFFFFFFFFFFFFFFFFFFFFFFFFFFFFFFF0E
:1012F000FFFFFFFFFFFFFFFFFFFFFFFFFFFFFFFFFE
:10130000FFFFFFFFFFFFFFFFFFFFFFFFFFFFFFFFED
:10131000FFFFFFFFFFFFFFFFFFFFFFFFFFFFFFFFDD
:10132000FFFFFFFFFFFFFFFFFFFFFFFFFFFFFFFFCD
:10133000FFFFFFFFFFFFFFFFFFFFFFFFFFFFFFFFBD
:10134000FFFFFFFFFFFFFFFFFFFFFFFFFFFFFFFFAD
:10135000FFFFFFFFFFFFFFFFFFFFFFFFFFFFFFFF9D
:10136000FFFFFFFFFFFFFFFFFFFFFFFFFFFFFFFF8D
:10137000FFFFFFFFFFFFFFFFFFFFFFFFFFFFFFFF7D
:10138000FFFFFFFFFFFFFFFFFFFFFFFFFFFFFFFF6D
:10139000FFFFFFFFFFFFFFFFFFFFFFFFFFFFFFFF5D
:1013A000FFFFFFFFFFFFFFFFFFFFFFFFFFFFFFFF4D
:1013B000FFFFFFFFFFFFFFFFFFFFFFFFFFFFFFFF3D
:1013C000FFFFFFFFFFFFFFFFFFFFFFFFFFFFFFFF2D
:1013D000FFFFFFFFFFFFFFFFFFFFFFFFFFFFFFFF1D
:1013E000FFFFFFFFFFFFFFFFFFFFFFFFFFFFFFFF0D
:1013F000FFFFFFFFFFFFFFFFFFFFFFFFFFFFFFFFFD
:10140000884207D0904205D251F8043B40F8043B93
:101410008242F9D8704700BF884204D2002340F8C6
:10142000043B8142FBD870472DE9884800F012F94F
:101430000824614B614AC3F8544161496148FFF790
:10144000DFFF614A61496248FFF7DAFF614962489C
:10145000FFF7E2FF614C4FF0E0214FF470000023F2
:101460005F4AC1F8880D44F823200133B02BFAD12C
:101470005C4B80215C4A03F8011B9342FBD14FF087
:10148000E0254D4E4FF08039DFF88CB1DFF88CA1AC
:101490004FF0FF31C5F8084D0027C6F80491C6F893
:1014A00000B1C6F8F490C6F8F0A0D5F8243DDFF8F6
:1014B000708143F4E0234D4AC5F8243DD8F81C3030
:1014C00023F07F0343F04003C8F81C30D8F82430E1
:1014D00023F07F0343F04003C8F824309166D166BF
:1014E0001167516700F0BEF8414B4249A363424B7C
:1014F000E36363236B610323AF612B613F4BC5F84B
:10150000203DD5F8FC3D43F08073C5F8FC3D3C4BD5
:101510001A6842F001021A605B680B6000F0E0FAA2
:10152000C6F804913748C6F800B1C6F8F490C6F87A
:10153000F0A000F085FCD8F86C10334B334A41F42E
:101540004051C8F86C101F60C3F80871C3F81871D7
:10155000C3F82871C3F83871936BDB0708D442F6DF
:1015600015632B4951651365936B43F00103936336
:10157000264A284C936843F00113936000F0EEF87C
:1015800000F012FC00F044FC00F0D8FA00F064F81F
:101590002368132BFCD900F069FB2368B3F5967F11
:1015A000FBD300F05DF800F059F800F03DFC00F0CE
:1015B00037FC30BFFDE700BF00800D40B8AC000035
:1015C000641F006000000000C01E002020CC0060EE
:1015D00000000020E0270020C01E0020001C00208A
:1015E0002921000000E400E0A0E400E000C00A407F
:1015F00041350000882700204535000000002020EC
:10160000001000E00046C3230040084000400D40A9
:101610000000C0568C2700201B1018200C0D111341
:1016200000C00F40074B4FF42A01074A07485A648D
:101630001864074A99639546BFF34F8FBFF36F8FC6
:10164000FFF7F2FE00C00A40AFAAAAAA07002000D6
:1016500000000720704700BF704700BF704700BF01
:1016600000BF704710B44FF0E023002110242B4836
:10167000C3F8941DC3F89C4D1124C3F8A00D28484D
:10168000C3F89C4D1224C3F8A00D2648C3F89C4D06
:10169000254AC3F8A00D254C42F015022448C3F892
:1016A0009C4DC3F8A00D234C2348C3F89C4DC3F8B0
:1016B000A00D224CC3F89C2D2148224AC3F8A04D0E
:1016C000C3F89C0DC3F8A02D02F5A0221E4C0C32CD
:1016D0001E48C3F89C4DC3F8A02D1D4AC3F89C0DAD
:1016E0001C4CC3F8A02D01221B48C3F89C4DC3F825
:1016F000A00DC3F8942DBFF34F8FBFF36F8FC3F8C6
:10170000501FBFF34F8FBFF36F8FD3F8142D5DF8C9
:10171000044B42F44032C3F8142D70473F000010D0
:101720002500080309001000E02700201300200016
:1017300021000207140000202500081309000010F2
:101740001600202027000B1317000040180000602F
:101750002F000B07190000702F000B13F0B5B84BCA
:101760001822B84E0120B84F83B0C3F85C62B74965
:10177000C3F86072B64DC3F86462A6F53046B54C46
:10178000C3F86862C3F86C52C3F87052C3F874525D
:10179000C3F8785248F20C75DA661A675A679A6786
:1017A000DA67C3F88020C3F88420C3F88820C1F822
:1017B0002C03A94AC1F83003C1F83403C1F8380337
:1017C000C1F83C03C1F85003A169A44B0A40A448E6
:1017D000A4491343A44AA361D4F8843043F00C0312
:1017E000C4F884304FF0FF34036843F00203036011
:1017F00003682B404FF400551A439C4B0260446031
:101800008A689B4C13409B4A43F000538360C36833
:1018100023F07803C360036A134023430362036A1F
:101820001340954A2343954C43628262C262002270
:10183000D1F8B83023F03F0343F00103C0F8B830CB
:10184000D1F8BC308E4923F03F0343F00103C0F8C8
:10185000BC3040F20563026105660467C0F8803061
:10186000456644670224C0F88430036823F002030D
:1018700003608161834B8449C46143F8042B8B422C
:10188000FBD1774A136843F001031360136813F028
:101890000103FBD17A48022140F2F564906140F2E5
:1018A0009940D16140F26641C2F8004242F20144DF
:1018B000C2F810127549C2F82002C2F8301240F284
:1018C00035417348C2F83442C2F84012714CC2F834
:1018D000500242F201207049C2F854120121C2F8AC
:1018E0006042C2F864025E48C2F8A030C2F8A43078
:1018F000C2F8B0104369DA07FCD5012300244FF485
:10190000803257494361C0F8A040C0F8A420C0F815
:10191000B0304B69DB07FCD5012300244FF40030C5
:101920004F4A4B61C1F8A040C1F8A400C1F8B030E3
:101930005369DF07FCD50123002458484849536107
:10194000C2F8A040C2F8A400C2F8B0304B69DE076C
:10195000FCD5D1F8003145F60D5221209BB24861EB
:10196000934265D100244FF4802201233C48C1F802
:10197000A040C1F8A420C1F8B0304369DD07FCD510
:1019800001234FF400040021354A4361C0F8A04010
:10199000C0F8A410C0F8B0305369DC07FCD50123AF
:1019A0004FF400044FF480302D495361C2F8A04039
:1019B000C2F8A400C2F8B0304B69D807FCD50123A7
:1019C0004FF400044FF40030254A4B61C1F8A040A9
:1019D000C1F8A400C1F8B0305369D907FCD5012380
:1019E0004FF400042D481E495361C2F8A040C2F8CC
:1019F000A400C2F8B0304B69DA07FCD5D1F8003149
:101A000045F60D5221209BB24861934250D00825E3
:101A10004FF4000422490020224B234A0090157005
:101A20005A1A01232148224400F0F6F903B0F0BD10
:101A30001E4B0022C3E90022C3E9022203B0F0BD1D
:101A400000801F40F9B00100F910010000841F4020
:101A5000F970010000C00F40FFFCFF1F000300A051
:101A600000402A4000802A401200FFFFFF37F700A5
:101A70004000008000FFF07CFF000F836300020045
:101A8000F05AF05A00422A4000432A409F0418307E
:101A9000EB06180A3806180A06320126040003006D
:101AA0000000007000000070B2270020A824002071
:101AB0004FF400044FF4802201230848C1F8A040ED
:101AC000C1F8A420C1F8B0304369DB07FCD501237D
:101AD00010254FF0807443619CE700BF00402A400E
:101AE000F0B4154A40274FF480314FF480564FF43C
:101AF00000554FF4404443F24200136913F0020FC3
:101B00000ED113F4005F0FD013F4805F0ED0002BC2
:101B1000F3DA13F4803F0BD15B060BD5F0BC7047B2
:101B2000946151619061E8E75561E6E75661E4E749
:101B30009161E2E75761E0E700800D403F4A0320F2
:101B40003F49F3EE095AD2F880304FF0000C9FED78
:101B50003D6A23F001039FED3C5A30B4C2F8803057
:101B6000C2F89000D1F8E010384DCBB2384C39486B
:101B70002B6007EE903A0B0DC1F30B21F8EEE77ADC
:101B800006EE903A07EE101A334BB8EEC77A216092
:101B9000F8EEE66A314937EEC66A37EEC55A76EE98
:101BA000C76A77EEE57A26EE266AC3ED006A25EE6F
:101BB000265AD2F8803067EEA64AC0ED007AC6EE0B
:101BC000275A274885EE276AC4EEA76A75EE875A1A
:101BD000FCEEE55A36EE076A15EE904ABCEEC66A90
:101BE00043EA045376EE877AC2F8803016EE103A54
:101BF000D2F89041FCEEE77A01EA0341214317EE67
:101C0000903AC2F89011C3F30B03D2F890110B4332
:101C10001449C2F89031D2F8803043F00203C2F880
:101C20008030114B80F840C0C1F840314FF0E023C4
:101C3000012230BCC3F80821704700BF00810D406D
:101C400000441F400000AA420000B4427827002050
:101C5000742700207C270020802700200000FF0F31
:101C600000E400E0001C002005230000314B40F69A
:101C7000617210B5C3F8202140F2044400F0D8F896
:101C80002D4A2E49D2F880302D4843F00303C2F884
:101C900080302C4BC1F8604102681A4203D1D1F860
:101CA000A8319A071BD0254A4FF00041244B5963B5
:101CB000D2F8403143F00203C2F84031D2F840314B
:101CC0009B07FBD44FF400304FF0E0211C4B4FF04A
:101CD0000042C1F88C0219209A6300F095F8184A66
:101CE0004FF08040154C002190630A20164B116084
:101CF0004FF42072C4F8A801184600F09DF84FF484
:101D0000800203464FF4810040F243111860C4F88A
:101D100058311A640D4B0E4AC4F84811C3F8042216
:101D20004FF0E0224FF400310123C2F80C11C4F847
:101D3000403110BD00800D4000C00F4000002E401B
:101D400000900D40001C1E0000000020001C002020
:101D5000ED24000008B50E4B1B6E9B0700D4FBBEA4
:101D600072B60C4B00200C4AC3F8400103F16043EB
:101D70000A49A3F55F2311649D46BFF34F8F4FF4CB
:101D800000130748074ADB6902609B68984700BF59
:101D900000441F4000002E4000C00A400300200005
:101DA00000802020000012EB104BA020104AD96EBA
:101DB00041F4403110B4D96640F23764D96E41F431
:101DC0004071D96654649064936C1B06FCD4094A34
:101DD00040F23761A02351649364936C13F0800345
:101DE000FBD1054A13705DF8044B704700C00F40EB
:101DF00000400C4000800C40B1270020F8B500BF27
:101E0000F8BC08BC9E4670475FF800F0C51900009A
:101E10005FF800F0312000005FF800F0C9380000E2
:101E20005FF800F0C11A00005FF800F08157000071
:101E30005FF800F05D2C00005FF800F095550000A1
:101E40005FF800F06535000045000000C10E00009D
:041E50007115000008
:101E54000100000016035500530042002000530007
:101E640065007200690061006C00000018035400F2
:101E7400650065006E0073007900640075006900F8
:101E84006E006F000403090409026200030100C02C
:101E940032080B00020202010009040000010202E0
:101EA4000100052400100105240101010424020697
:101EB400052406000107058203100010090401002F
:101EC400020A00000007050302400000070584021F
:101ED4004000000904020002FF6AFF0007058102B6
:101EE40040000107050102400001000009026200F0
:101EF400030100C032080B000202020100090400C1
:101F04000001020201000524001001052401010161
:101F140004240206052406000107058203100005B7
:101F240009040100020A0000000705030200020080
:101F3400070584020002000904020002FF6AC700C8
:101F440007058102000201070501020002010000E9
:101F54000A060002EF020140010000000000000038
:101F6400000000000000000000000000000000006D
:101F7400000000000000000000000000000000005D
:101F84000548064B1B1AD90F01EBA301491002D0D7
:101F9400034B03B118477047C01E0020C01E002029
:101FA4000000000008B5054B1BB105490548AFF317
:101FB4000080BDE80840FFF7E3BF00BF0000000059
:101FC400B824002000F8006003F02CB903F0E6B850
:101FD40038B5DFF870C0002504464FF40072056080
:101FE4002946C0F804C0C0E90255C0E90455C0E957
:101FF4000655C0E90855C0E90A5525634E3084F8F2
:10200400345084F8355084F8365084F83750258796
:10201400658784F83C5084F83D50E58784F848503F
:1020240084F84950A4F84A50A4F84C50C4E9105517
:1020340005F060FA2046C4F8505284F8545284F8EB
:10204400585238BD0000C07F00234FF4097270B5A8
:102054000D46044680ED010A0160194680F85832A5
:10206400C0E90233C0E90433343005F043FA2B6885
:1020740007224E495B6828469847206818224C4935
:1020840003685B689847206819224A4903685B68BB
:10209400984720681822484903685B689847206875
:1020A4001C22464903685B68984720681822444903
:1020B40003685B68984720681B22424903685B6891
:1020C400984720682022404903685B689847206845
:1020D4001E223E4903685B689847206818223C49E1
:1020E40003685B68984720681F223A4903685B6865
:1020F400984720681922384903685B689847206824
:102104001A22364903685B689847206819223449C3
:1021140003685B68984720682D22324903685B682E
:10212400984720681522304903685B6898472068FF
:1021340030222E4903685B689847206813222C4993
:1021440003685B689847206818222A4903685B681B
:10215400984720681522284903685B6898472068D7
:102164001622264903685B6898472068142224498C
:1021740003685B68984720681422224903685B68F7
:10218400984720681422204903685B6898472068B0
:1021940013221E4903685B68984720680C221C4977
:1021A4000368BDE870405B68184700BFE403002083
:1021B400EC03002008040020240400204004002034
:1021C400600400207C04002098040020BC0400204B
:1021D400DC040020F8040020180500203405002049
:1021E400500500206C0500209C050020B40500204B
:1021F400E8050020FC050020180600203006002019
:102204004806002060060020780600209006002082
:10221400A406002034307047002380F858327047F9
:102224000B46098B5F2940F2BD829FEDE37A2DE9CD
:10223400F04F2DED108B93F8231042F21074824668
:1022440093F8220001EB810187B001EB81010DF1CC
:10225400100E0DF1080C890004FB001193F8240002
:102264000144116093F8251011761C8B93F8270014
:1022740093F82850E02C93F8291028448CBF93F845
:10228400FA40002401440C44E4B2547693F842101A
:102294008DF8101093F843108DF8111093F8441032
:1022A4008DF8121093F845108DF813100499D1622B
:1022B40093F846108DF8101093F847108DF811100C
:1022C40093F848108DF8121093F849108DF81310F4
:1022D4000499516393F84A108DF8101093F84B1039
:1022E4008DF8111093F84C108DF8121093F84D10CE
:1022F4008DF813100499116393F84E108DF8101093
:1023040093F84F108DF8111093F850108DF81210A7
:1023140093F851108DF81310DDED047A67EE877A87
:102324009FED974BC2ED0A7A93F86A108DF810105E
:1023340093F86B108DF8111093F86C108DF812103F
:1023440093F86D108DF8131093F86E108DF8141027
:1023540093F86F108DF8151093F870108DF816100F
:1023640093F871108DF817109EE803008CE80300B1
:102374009DED027B82ED027B93F87210B0EEC77B79
:102384008DF8101093F87310B4EEC47B8DF811100F
:1023940093F87410F1EE10FA8DF8121093F875108A
:1023A4008DF8131093F876108DF8141093F87710B5
:1023B4008DF8151093F878108DF8161093F879109D
:1023C4008DF817109EE803008CE803009DED025B76
:1023D40082ED045B93F87A108DF8101093F87B105B
:1023E4008DF8111093F87C108DF8121093F87D106D
:1023F4008DF8131093F87E108DF8141093F87F1055
:102404008DF8151093F880108DF8161093F881103C
:102414008DF817109EE803008CE803009DED026B15
:10242400B7EEC66B82ED086A00F1CC809FED566B67
:10243400B4EEC67BF1EE10FA08DCB0EEC55B9FED9E
:10244400547BB4EEC75BF1EE10FA02DD002C40F0D1
:10245400C4805A4B9FED5A9AD361536293639AEDA9
:10246400018AF0EEC87AF4EE497AF1EE10FA00F23D
:102474009381B5EEC08AF1EE10FA40F38D8192EDAE
:102484000CAAF0EECA7AF4EE497AF1EE10FA00F2F0
:10249400838192ED0BBAF0EECB7AF4EE497AF1EE49
:1024A40010FA00F2798192ED02CB9FED3B7BB0EE06
:1024B400CC6BB4EE476BF1EE10FA00F26D81019231
:1024C40092ED04DBB0EECD6BB4EE476BF1EE10FA97
:1024D40000F26281B7EECAAAB7EECBBAB7EEC88AE9
:1024E4009FED2FEB2AEE0EAB2BEE0EBBB0EE4A0B9C
:1024F40003F022FA28EE00FBB0EE4B0B03F01CFABB
:10250400B0EE407BB0EE4B0BB0EE47BB03F0D4F91A
:10251400B0EE407B2CEE0E0BB0EE47EB03F0CCF9A3
:10252400019A9FED215B2EEE0FEB20EE050B2FEEB3
:102534004BFB92ED08BAF0EECB7A9FED1D6B8FEE5C
:10254400054B8EEE005BF4EE497AF1EE10FAA4EE40
:1025540006CBA5EE06DB82ED02CB82ED04DB00F2B6
:102564001B81B0EE4A0B03F0A7F9B7EECB7A019AC0
:102574000120A8EE407BB7EEC77B82ED087A0CE120
:102584008DEDB5A0F7C6B03E0000000000805640B7
:102594000000000000806640FFFFFFFFFFFFEF7FA9
:1025A400399D52A246DF913F00000040A654584195
:1025B400F8C1631ADCA54C40E1CFF83F0000C07FAE
:1025C400FFFF7F7FB0EEC56BB4EEC46BF1EE10FA83
:1025D4007FF52CAF002C3FF43CAF93F8711093F8C7
:1025E40079908DF8101093F8701093F878808DF826
:1025F400111093F86F1093F877708DF8121093F808
:102604006E1093F876608DF8131093F86D1093F8AC
:1026140075508DF8141093F86C1093F874408DF87D
:10262400151093F86B108DF8161093F86A108DF846
:1026340017109EE803008DF810908DF811808DF826
:1026440012708DF813608DF814508CE803009DED22
:10265400027B8DF8154093F87310B0EEC75B93F8C6
:1026640081B08DF8161093F8721093F87F908DF85E
:10267400171093F8801093F87E80019193F87D7081
:1026840093F87C6093F87B5093F87A409FED466B07
:102694009EE803008DF810B0B4EEC65B8DF812907E
:1026A4008DF813808DF81470F1EE10FA8DF8156022
:1026B4008DF816508DF817408CE8030001998DF8B9
:1026C40011109EE803009DED023B8CE803009DED94
:1026D400024B3FF6BEAEB0EEC36B9FED355BB4EE7E
:1026E400C56BF1EE10FA3FF6B4AEB7EEC44B82ED13
:1026F400027B82ED043B82ED084A93F8450093F88F
:1027040044108DF810008DF8111093F8430093F8DD
:1027140042108DF812008DF8131004999FED267A5B
:10272400D16293F8490093F848108DF810008DF8A1
:10273400111093F8470093F846108DF812008DF8A5
:1027440013100499516393F84D0093F84C108DF8CD
:1027540010008DF8111093F84B0093F84A108DF87F
:1027640012008DF813100499116393F8501093F824
:1027740051008DF8111093F84F1093F84E308DF8E6
:1027840010008DF812108DF81330DDED047A67EE29
:10279400877AC2ED0A7A5CE6012007B0BDEC108BA3
:1027A400BDE8F08F00207047000000000080564014
:1027B4000000000000806640E1CFF83F0000000008
:1027C40090ED026B2DE9F041B0EEC67B0E46B5EEFE
:1027D400C06B102100250446FDEEC76BA84AF1EE3C
:1027E40010FAB8EEE65B16EE903AACBF4FF04E0826
:1027F4004FF053082DED028B37EE457B94B09FEDDF
:102804009E8B0DEB01000495059527EE087BCDE921
:102814000855CDE906558DED007BCDE90A5504F048
:1028240063FD984A102108A894ED046BB0EEC67BB2
:10283400B5EEC06BFDEEC76BF1EE10FAB8EEE65BD9
:1028440016EE903AACBF4527572737EE457B27EE67
:10285400087B8DED007B04F047FD082123688A4A3C
:102864000DEB0100CDE9025504F03EFD29460CA80C
:1028740000F080FF78210CA800F030FF83490CA8F9
:1028840001F00CF802A90CA801F008F880490CA882
:1028940001F004F804A90CA801F000F87C490CA884
:1028A40000F0FCFF41460CA801F006F878490CA89A
:1028B40000F0F4FF08A90CA800F0F0FF74490CA87C
:1028C40000F0ECFF39460CA800F0F6FF70490CA8A4
:1028D40000F0E4FF217E10A800F060FF10A90CA80E
:1028E40000F0D8FF10A800F0F1FE69490CA800F030
:1028F400D5FF617E10A800F051FF10A90CA800F0CC
:10290400C9FF10A800F0E2FE61490CA800F0C6FF60
:1029140094ED070AB4EE400AF1EE10FA0AD601214A
:1029240010A800F053FF10A90CA800F0B3FF10A8E2
:1029340000F0CCFE56490CA800F0B0FF94ED080A54
:10294400B4EE400AF1EE10FA0AD6012110A800F004
:102954003DFF10A90CA800F09DFF10A800F0B6FEE2
:102964004B490CA800F09AFF94ED090AB4EE400A12
:10297400F1EE10FA0AD6012110A800F027FF10A9E1
:102984000CA800F087FF10A800F0A0FE40490CA896
:1029940000F084FF94ED0A0AB4EE400AF1EE10FA56
:1029A4000AD6012110A800F011FF10A90CA800F00C
:1029B40071FF10A800F08AFE35490CA800F06EFFE4
:1029C40094ED0B0AB4EE400AF1EE10FA0AD6012196
:1029D40010A800F0FBFE10A90CA800F05BFF10A8E3
:1029E40000F074FE2A490CA800F058FF94ED0C0A7C
:1029F400B4EE400AF1EE10FA0AD6012110A800F054
:102A0400E5FE10A90CA800F045FF10A800F05EFE3A
:102A14001F490CA800F042FF94ED0D0AB4EE400AE1
:102A2400F1EE10FA0AD6012110A800F0CFFE10A989
:102A34000CA800F02FFF10A800F048FE14490CA8C1
:102A440000F02CFF94ED0E0AB4EE400AF1EE10FAF9
:102A54000AD6012110A800F0B9FE10A90CA800F0B4
:102A640019FF10A800F032FE0E9B6BB300252F4611
:102A74002C4618E0AFF300800000000000004E4038
:102A8400B0030020BC030020C8030020D0030020B2
:102A9400D80300202A2885EA000314D0DDB20134CB
:102AA4000E9B9C420FD221460CA800F015FF002F6C
:102AB400F0D1A0F1240701340E9BB7FA87F79C42AA
:102AC4004FEA5717EFD32B460022062110A8109285
:102AD400ADF84420094A04F007FC10A90CA800F042
:102AE400DDFE0CA9304600F08DFE0CA800F0EEFDD2
:102AF400012014B0BDEC028BBDE8F081DC030020A2
:102B0400816903461A4A21F07F40904201D0002097
:102B1400704710B49C8BDA8B1C879C6AB2F5007FDB
:102B2400586A5C64DC6A186450BA9C641C6A596311
:102B340081B2DC6309D9B1F5007F06D8588701203A
:102B44005DF8044BA3F84C1070476FF400715A877A
:102B54005118032906D9B2F5007F06D900205DF883
:102B6400044B7047043A91B2E9E71146E7E700BF26
:102B7400AA44B50030B40022056B164C00F11701CD
:102B840000F12F0CC0F8505211F8013F53408C450E
:102B9400DBB254F8233083EA1222F5D1B0F84C307A
:102BA4006BB100F14D0101EB030C11F8013F5340EF
:102BB4006145DBB254F8233083EA1222F5D1521B6B
:102BC4000123B2FA82F280F85832520930BC80F8FC
:102BD40054227047B4060020836810B50446052BC0
:102BE4000BD8DFE803F01B0321283B0B442947D013
:102BF4000023C4E90233C4E9043310BD43695A1CF9
:102C04000344032A426183F83010F6D9FFF7B2FF78
:102C14000023C0E90233C0E9043310BDAA29ECD172
:102C240001230176836010BDB529E1D103238176A8
:102C3400C0E9023310BDC3685A1C0344172AC2609A
:102C44001976DAD9FFF75CFF0028D1D00022B4F856
:102C54004C3022617BB10423A36010BD0369B3F53A
:102C6400007FC5D25A1C0344026183F84E10B0F8A9
:102C74004C309A42C1D3002205236261A36010BD87
:102C840002234176836010BD70B504460068F8B134
:102C9400114D124E13E002F081FA002816DD20686F
:102CA40003685B69B34214D102F0BCFA01462046C2
:102CB400C9B2FFF791FF94F8580248B92068036835
:102CC4001B69AB42E7D098470028E8DC94F8580227
:102CD40070BD98470146EAE76D00000069000000F6
:102CE4002DE9F843174D40F2EE28174C174FDFF843
:102CF40068902E6802F03AFB2378B3B13B78DB0787
:102D040013D52B68D9F800209B1A0E2B0DD94FF43C
:102D1400E1210F48002200F079F9B7EE080A0C49C6
:102D24000C48BDE8F843FFF78FB92B6822789B1B4A
:102D34002AB1B3F5FA6FEAD802F018FBDAE7434593
:102D4400FAD9E4E78C270020BA270020B92700200D
:102D540088200020E02400209C27002038B500F0C3
:102D640035FE264C034626482360FFF78DFF00B945
:102D740038BD244D2248FFF74DFA2A460146204823
:102D8400FFF74EFA58B913211F4802F071FA1F4891
:102D940000F06CFC1A48BDE83840FFF73DBA1C4906
:102DA4002846FFF70DFD1A49184800F039FC0D219B
:102DB400184802F05DFA00230A22697E134800F0E5
:102DC40071FC1221144802F053FA00F0FFFD21684F
:102DD40000230A22411A0D4800F064FC03210F4825
:102DE40002F046FA094800F041FC00F0EFFD2060D3
:102DF4000348BDE83840FFF70FBA00BF9024002015
:102E0400E02400201015002058110020581500203F
:102E1400D024002030110020401100205411002043
:102E240010B50A48FFF7D4F8094C00F0CFFD094B60
:102E34000246002120461A6000F09CFC2046064A07
:102E44000649BDE8104002F031BD00BFE024002077
:102E5400D024002090240020D41500206D170000F9
:102E6400B0F84630B0F848209BB292B2934202D2F6
:102E7400013AD01A7047416B01390A44D01A70479D
:102E840072B6B0F84A20B0F84C3092B29BB29A4273
:102E94003CBF816B5218D31A0269D06A62B6C0F380
:102EA40002601844704700BFB0F84A100246B0F8F8
:102EB4004C3089B29BB2994210D00133906B116BA4
:102EC400984298BF0023994203D9126AD05CC0B2D9
:102ED40070475B1A526AD05CC0B2704772B6B0F8E1
:102EE4004A0080B2814201D062B6E6E71369D96A2A
:102EF40011F0E06F03D14FF0FF3062B67047DB6929
:102F040001204FF0000C116AA2F84A00C3F3090033
:102F1400DBB2A2F84CC04B70EFE700BFB0F84A1028
:102F24000246B0F84C3089B29BB2994226D00133A4
:102F340030B4946B9C4216D9106B1FFA83FC9842F0
:102F440017D9106AC05CC0B2956DA2F84CC045B1E7
:102F540099421CD3CB1AD16B994202D3D36DC5F8D5
:102F6400883030BC70474FF0000C106B63469842B9
:102F7400E7D8181A556A285CC0B2E5E7084672B665
:102F8400B2F84A1089B2884204D062B6CFE70C4442
:102F9400E31AE0E71369DA6A12F0E06F03D14FF045
:102FA400FF3062B67047D869C0F30900F9E700BF83
:102FB40090F8443043B110B5044602F0D7F994F8C0
:102FC4004430002BF9D110BD704700BFEFF31380DC
:102FD400B8B9EFF310834BB9EFF305823AB94FF464
:102FE4008073EFF3118050B1984208D270470F2AD2
:102FF400F7D9054B9B5CEFF311800028F4D11846F8
:1030040070474FF0FF30F1E7F0E300E007EE901A6D
:103014009FED917A0421B6EE005AF8EE677A9FED9F
:103024008F6A41F6FF7CC7EE275A2DE9F0418E46A0
:10303400012407EE901AF8EEE77A85EEA77A77EE88
:10304400057AFDEEE77A17EE903A6345A8BF63462A
:10305400012BB8BF012307EE903AF8EEE76A76EE4B
:10306400C76AC6EE877AF5EEC07AF1EE10FA48BF69
:10307400F1EE677AF4EEC67AF1EE10FA03D8B0EE08
:10308400676A8E461C4601312129D2D10021436949
:1030940002F40075A0F84A10B3F85EC08D42A0F89F
:1030A4004C10B3F85C50A0F84610A0F8481080F813
:1030B4004410816B1E69A1EB0505A1EB0C01C0E96D
:1030C4000F5131685D6941EA0501316014BF012186
:1030D4000021817640F09180057EDFF8988103EB32
:1030E400051C5F4E9CF8185008EB0515A9686D681F
:1030F4000E60DCF81C602E60DCF8205015B1DCF8A2
:1031040024602E60457ED92703EB051595F83860B9
:1031140008EB06118E6849683760ED6B0D60417EDF
:1031240003EB01110D6C0DB1496C29600EF1FF31F7
:10313400BEF1080F5D684FF00006CCBF4FF0000EE3
:103144004FF0010E090644EA4E4401F0F8512143C0
:103154005C7804F11003046921614249E66041F896
:10316400235043694FF0010C3F4902F003055C789A
:1031740093F85A30635444693C4B617803EB511320
:1031840001F01F019B000CFA01F119604FF00211CC
:103194000369D962996A41F088019962510729D477
:1031A40045F4701102F00F05042D857E08BF41F02F
:1031B4008041970648BF41F080510DB141F0A00114
:1031C4001607996103D5196941F0005119615969CC
:1031D400D50621F0805148BF41F08051D205596194
:1031E40003D51A6942F400521A61E3681B78A3B14B
:1031F400BDE8F0811E492943D4E7417E4FF2D90747
:103204001C4D03EB011191F8386005EB0615AE680F
:103214006D683760C96B296081E7174E3478BCB19B
:10322400611E164DC9B22B1F05EB810153F8042F03
:103234009042DDD09942F9D1631CDBB2104A33705D
:10324400137845F8240043F002031370BDE8F081BD
:1032540001230A4DF2E700BF001BB74BEC78AD60C9
:1032640038F00100001C002000E400E04038003881
:1032740010003C00A80D0020AF2700206021002092
:10328400CA1B0020F8B5036D04460E4613B1426D07
:10329400C3F88420A37E33B172B62269936943F0E4
:1032A4000053936162B6B4F84650636BADB2013516
:1032B400AB424CD800273D46B4F848309BB29D42FF
:1032C4001AD029E021694B691B0210D5B4F84830A3
:1032D400626B9BB201339A4236D99AB2E06A984241
:1032E4002DD9E069C35CDBB2CB61A4F84820B4F803
:1032F40048309BB2AB420FD1FFF768FE6369B3F865
:103304005A308342DEDAFF28F1DD02F02FF8B4F8F8
:1033140048309BB2AB42EFD0E36AAB4219D9E369C0
:10332400F6B25E5572B60120226984F84400A4F80E
:103334004670936943F40003936162B6F8BD1B1AA7
:10334400A06AC35CDBB2CFE700221346C6E7AFB284
:10335400B2E7ED1AF6B2A36A5E55E3E7FFF792BF50
:103364000269536913F4401F70B5154647D0D36AF8
:1033740013F0E06FC3F3026E3ED0B0F84A40B0F8E9
:103384004C50A4B2ADB208E0026A02F803C002696C
:103394000EF1FF3313F0FF0E1ED0D169631CB0F899
:1033A4004CC0866BC1F309011FFA8CFC9E4298BF86
:1033B40000239C45ECD0026B5FFA81FC1C469A42C8
:1033C400A3EB0206E0D8436A03F806C00EF1FF330C
:1033D400026913F0FF0EE0D1A3B2A0F84A30836D66
:1033E400002B5AD0AC425DD3641B016CA14254D86B
:1033F400C16D1546C3F884105369DC0248D496693C
:10340400310229D553691B0226D5B0F846C0B0F85D
:1034140048301FFA8CFC9BB206E0C169C95CC9B292
:10342400D161D16A4C0512D463453FD0446B01335A
:10343400C16A9C4298BF00239942A3EB0104ECD8D3
:10344400816A095DC9B2D161D16A4C05ECD599B2E2
:103454006345A0F848102CD0710218D553695B025B
:1034640015D50022036D80F8442013B1426DC3F8D2
:103474008820837E3BB172B60269936923F00053BE
:10348400936162B60569AB6923F48003AB6170BDD7
:10349400536943F480135361B1E753691546DC0261
:1034A400ADD5F5E7816B491B0C449EE79BB2A0F8B0
:1034B4004830936923F400039361936943F48003D0
:1034C4009361C9E70148FFF74BBF00BF8820002084
:1034D40010B4174B4FF47A74002228209C604021CA
:1034E400144C83F844201C60134C1A731C61134C55
:1034F4001A835C61124C9A76A3F84620DC61A3F827
:1035040048205DF8044BA3F84A205A605A621A64B2
:10351400A3F84C20C3E90A20C3E90C100948C3E905
:103524000E121862C3E91422C3E91622704700BFC1
:1035340088200020BC0A0020008018406815002064
:1035440028210020E8200020084601F07BBE00BFAF
:10355400012A70B508BF0A228AB091B34FF0210E38
:1035640001E05FFA86FE0EF1FF36B1FBF2F502FBD5
:1035740015145FFA84FC092C0CF137040CF1300C9F
:1035840098BF5FFA8CF40EF1280C88BFE4B2914224
:10359400EC4429460CF8244CE3D24BB10EF1FF3E27
:1035A4002D225FFA8EFE0EF128036B4403F8242CBF
:1035B400036801A9CEF122025B68714498470AB0FE
:1035C40070BD30224FF0210E8DF82520E5E700BFB5
:1035D4002DE9F0410C46D1B1EAB180468E180025A0
:1035E4000E4F04E001F02EFEB44205440CD0D8F88E
:1035F400003014F8010B1B68BB42F3D0014640466F
:103604009847B4420544F2D12846BDE8F0810D46FE
:103614002846BDE8F0811546F6E700BFE91500002D
:103624002DE9F0418C688AB0DCB100258846064655
:103634002F462B46212201A9404600F057F9202CA1
:103644002246336828BF202201A930465B68A41AA9
:10365400154498470744002CEBD138460AB0BDE81E
:10366400F081274638460AB0BDE8F08100B503680A
:1036740083B040F60D2C022201A95B68ADF804C0AA
:10368400984703B05DF804FB054B022888BF034646
:1036940010B41C68184663685DF8044B184700BFF3
:1036A400581500205AB90368C9B2074A1B689342E7
:1036B40000B506D108465DF804EB01F0C3BDFFF781
:1036C40047BF5DF804EB1847E915000010B5044640
:1036D400006803F00DF8204610BD00BF38B54368FC
:1036E4008B4201D3012038BD04460D4600680131E8
:1036F40003F0C2FA03460028F5D0A268C4E9000525
:10370400002AEFD101201A7038BD00BFF8B5044675
:10371400154632B9036803B11A7000232046A3602A
:10372400F8BD43680E469A421CD9511C006803F048
:10373400A3FA074660B1A368C4E900050BB9037096
:10374400276831463846A56003F0F6FF2046F8BDE9
:10375400206810B102F0CCFF276000232046C4E9A2
:103764000133F8BD07683146A560384603F0E4FF2D
:10377400ECE700BF38B500230446C0E9003383609A
:10378400037341B10D46084604F04AF8024629463F
:103794002046FFF7BBFF204638BD00BF10B500230D
:1037A40082B004460A22084601A9A3602373C4E92F
:1037B400003303F0A7FC01A804F032F801A9024683
:1037C4002046FFF7A3FF204602B010BD30B500230A
:1037D40004468BB0881CA3606A462373C4E9003393
:1037E40000F0F2F9054648B104F01AF829460246F9
:1037F4002046FFF78BFF20460BB030BDA06020466B
:103804000BB030BD814203D08A680968FFF77EBFE0
:10381400704700BF2DE9F843044600680D4616467C
:103824008842A36809D8C218914206D20F1A4FF0F1
:10383400010936B92046BDE8F8834FF00009002E8F
:10384400F8D003EB0608626890450CD908F1010131
:1038540003F012FA0028EDD0A368C4E9000813B9F4
:1038640003702068A368B9F1000F08D129461844F1
:1038740003F062FF2046C4F80880BDE8F8833246AE
:10388400C119184400F0D4F82368002203F8082072
:10389400F0E700BF8A680968FFF7BCBF38B5054682
:1038A40041B10C46084603F0BBFF024621462846B8
:1038B400FFF7B0FF284638BD10B582B00023044698
:1038C40001228DF8041001A98DF80530FFF7A2FF3D
:1038D400204602B010BD00BF83688B4203D9006844
:1038E40010B1405C70470020704700BFC2B170B592
:1038F400B1FA81F60C46760919B185689D4201D862
:103904000E7070BDED1A02F1FF3C0168204665455A
:10391400194428BF65462A4603F03EFE665570BD2D
:10392400704700BF00B970472DE9F84F0121814667
:10393400214C224D224E54E8003F2A68306844E866
:103944000013002BF7D11F494B684FF47A7BDFF843
:1039540078A01B1A01270BFB02F8DAF80020A3FB5E
:1039640002325A4594BF9044D84454E8003F2A6830
:10397400306844E80073002BF7D14B68DAF800C0D4
:103984001B1A0BFB02F2A3FB0C3CBCF57A7F94BF21
:10399400624402F57A72A2EB0802B2F57A7F06D38A
:1039A400B9F1010908F57A78DFD1BDE8F88F01F0A3
:1039B400DDFC0449D9E700BF902700208C270020B4
:1039C40088270020001000E08427002030B40F4B2B
:1039D4004FF0010C0E4D0F4C53E8002F286821685E
:1039E40043E800C2002AF7D10B4B5B680B4A5B1A11
:1039F4004FF47A71126801FB00F0A3FB023230BC71
:103A04008A4294BF80184018704700BF9027002056
:103A14008C27002088270020001000E08427002045
:103A240008B5FFF75DF9FFF799F901F09FFCFAE794
:103A3400844641EA000313F003036DD1403A41D3B5
:103A440051F8043B40F8043B51F8043B40F8043B74
:103A540051F8043B40F8043B51F8043B40F8043B64
:103A640051F8043B40F8043B51F8043B40F8043B54
:103A740051F8043B40F8043B51F8043B40F8043B44
:103A840051F8043B40F8043B51F8043B40F8043B34
:103A940051F8043B40F8043B51F8043B40F8043B24
:103AA40051F8043B40F8043B51F8043B40F8043B14
:103AB40051F8043B40F8043B51F8043B40F8043B04
:103AC400403ABDD2303211D351F8043B40F8043BA4
:103AD40051F8043B40F8043B51F8043B40F8043BE4
:103AE40051F8043B40F8043B103AEDD20C3205D3B4
:103AF40051F8043B40F8043B043AF9D2043208D0AC
:103B0400D2071CBF11F8013B00F8013B01D30B881D
:103B140003806046704700BF082A13D38B078DD0FB
:103B240010F003038AD0C3F10403D21ADB071CBFCD
:103B340011F8013B00F8013B80D331F8023B20F837
:103B4400023B7BE7043AD9D3013A11F8013B00F870
:103B5400013BF9D20B7803704B7843708B788370F8
:103B64006046704701F1FF3C70B56646002400E0F2
:103B74000134B0FBF2F502FB1503092B03F1370EF8
:103B840003F130035FFA8EFE98BF5FFA83FE904222
:103B9400284606F801EFEBD2631C0022C818CA5469
:103BA4007CB162461CF8015F10F8016DA1EB0C03B7
:103BB40002328CF80060013B521A057023449A4289
:103BC400EFDB084670BD00BFB4EE400A2DE9F04FAC
:103BD400F1EE10FA164680EAE07207462DED028BEC
:103BE400A2EBE072B0EE408A85B080F14881F0EE3D
:103BF400C07A9FEDC57AF4EE477AF1EE10FA29DD2A
:103C0400B5EEC00AF1EE10FA00F1ED80032A40F39C
:103C140091800323002FA2EB0302C0F28580B5EE4E
:103C2400C08AF1EE10FA00F16A8149214E23462040
:103C3400F41C3170B070737022B1204620211444FA
:103C440003F058FC00232046237005B0BDEC028B22
:103C5400BDE8F08F89460D4602AA01A9484603F043
:103C640059FADDF804A0044659EA0A0372D1012383
:103C74000278A64C9A460193A54BD046342A88BFB5
:103C84001C46029B002B7DD008F10108A7EB080B12
:103C940006EB0805BBF1000F40F3A1805A46202132
:103CA40030465D4403F026FC06EB0B032D2203F89B
:103CB400012BBAF1000F77D1B9F1000F06D01A46E3
:103CC400302102F8021B2E2159701346AB421FD239
:103CD400A44619461CF8012B01F8012BA94218D05F
:103CE400019C2E20013C0BE058700233013CAB4296
:103CF40019460DD21CF8012B01F8012BA94208D05A
:103D04000194002CF0D00B46013CAB421946F1D390
:103D14001D46002F6BDB3446002320462B7005B074
:103D2400BDEC028BBDE8F08F22B130462021164451
:103D340003F0E0FBB5EEC08AF1EE10FA40F1BD806D
:103D44002D2149224E234620341D3170F0707270AB
:103D5400B37077E7CAF10003994557DA4FF00108C9
:103D6400C9F1000A694CC2454046CDF804A0B8BF69
:103D740008F10108BAF1000F52D1029B08F10108C1
:103D8400002B81D1A7EB080B06EB0805BBF1000F54
:103D940027DD5A46202130465D4403F0ABFB06EB99
:103DA4000B03BAF1000F87D0BAF1000F8EDAB9F124
:103DB400000F8BD018462E22302100F8021B5A70B7
:103DC40002465346013302F8011BFBD1BAF1000F3E
:103DD4000193CAF10003A8BF0123034476E73346E5
:103DE40064E7334665E7042AAADD042312E7B844EE
:103DF400B8F1000F6FEA08028DDA22EAE27220219C
:103E040028460132154403F075FB84E703F008FDEE
:103E14008046C245B8BF08F10108BAF1000FACD022
:103E2400BAF1000FBFF62DAFB9F1000F3FF429AF7F
:103E34000AEB090309F102088342BFF422AFB9F186
:103E4400000F05DDF2EE047A013D28EE278AFBD14E
:103E540002AAB0EE480A284603A903F05BF9DDF88C
:103E640004A0039B09F101020446A3EB0A03934255
:103E74007FF407AF0AF1010ACDF804A001E7B5EE1B
:103E8400C00AF1EE10FA4CBF04230323934222DA52
:103E94000028A2EB030218DB10EE103A002B02DA22
:103EA4002D2306F8013B4E234121F41C337071701D
:103EB400B370002A7FF4C1AEC4E649214E224623E2
:103EC400F41C31707270B370BCE622B1304620210C
:103ED400164403F00FFB18EE103A002B4FF04E037C
:103EE40005DB4122F41C33707270B370AAE62D21F5
:103EF4004122341D73703170B270F370A2E62D2329
:103F040006F8013B91E600BFFFFF7F7F18110020F8
:103F14001C11002000230F2248F2B82C194610B5BA
:103F24004FF470444FF4806EA0F88C414FF4604419
:103F3400A0F88E210A46A0F89031B0F888319BB2DF
:103F440043F0F003A0F8883101EB4103013100EBA9
:103F5400431304299C80A3F806E05A841A865A80E5
:103F64005A81A3F80EC05A82DA825A83DA83EBD1DB
:103F7400B0F888319BB243F00F03A0F88831B0F851
:103F840088319BB243F47063A0F8883110BD00BF40
:103F9400374B384A996F384841F47F0170B59967B7
:103FA40041F20106D3F8801045F6C05543F22604C9
:103FB4000A43C3F88020FFF7ADFF00F58040FFF708
:103FC400A9FF00F58040FFF7A5FF00F58040FFF74B
:103FD400A1FF0022A0F503104FF00F0E114600EBD5
:103FE40042134FEA421C01329981042A5981A3F8F1
:103FF4000EE09E82DD8020F80C1019829C81EED1A7
:1040040000221E484FF00F0E41F20106114645F6FC
:10401400C05543F2260400EB42134FEA421C01321E
:104024009981042A5981A3F80EE09E82DD8020F84C
:104034000C1019829C81EED1002211480F2641F206
:104044000105114645F6C05443F2260E00EB421317
:104054004FEA421C01329981042A5981DE819D82F2
:10406400DC8020F80C101982A3F80CE0EED170BDAE
:1040740000C00F40000003FC00C03D4000001E4093
:1040840000401E40704700BF72B6EFF305834F4CEB
:10409400C4F88430EFF308824FF0E0234C4E4D4DCA
:1040A400D3F8280DD3F82C1DC4E92201D3F8341D0C
:1040B400D3F8383DC4E924139369C4F89830D3691C
:1040C400C4F89C3000F0D0F884ED280A01F072FBAB
:1040D4000B214FF0FF32C4F8A4000B46C4F8801043
:1040E4003D49301D5A40202402F00103013C01FBEC
:1040F40003F383EA5202F7D1A84202D0736806465A
:10410400EFE7324BC3F8A820BFF34F8F4FF0E02303
:104114002F49324AC3F8701FC3F8702FBFF34F8F73
:10412400BFF36F8F2E4A02252E48D36E2E4943F4D7
:104134004053D3660560D3692C4823F07F0343F0D2
:104144004003D3610B6883423DD8264D00214FF0D4
:10415400E0234FF0FF3229600126C5F808112449F5
:10416400C5F80011C5F80861C3F88021C3F884219B
:10417400C3F88821C3F88C21C3F8902101E000F032
:1041840065F9D5F80C31002BF9D00134C5F80C6170
:104194004F2CF4D9174B022017494FF00042C1F8B5
:1041A40040015A63D5F80C313BB9144814490D4AFF
:1041B4000163D2F80C31002BFAD04FF0E023114AFE
:1041C400C3F80C2DFEE701F07DF9BEE700FF2720C0
:1041D40080FF2720A8FF27202083B8EDA0FF2720F9
:1041E40000C00F400040084054150020803DCD0B16
:1041F400009F240000900D4000002E4000800F40DE
:10420400F100AD0B0400FA050A490A6838B108B593
:1042140013180948834204D810460B6008BD1046A1
:10422400704703F057FA0C234FF0FF320360104637
:1042340008BD00BFD01500200000282000207047D2
:104244004FF0FF30704700BF4FF4005300204B6025
:10425400704700BF012070474FF0FF30704700BF28
:1042640030BFFDE7FFF710BF124AD2F880305B077A
:10427400FBD5D2F880301048C3F30B230F4990EDDF
:10428400007A07EE903A91ED006AB8EE477A0C4A4C
:10429400F8EEE77A0B4BD2ED006A77EEC77A93ED2E
:1042A400007AB8EE477A67EE867A87EEA60A37EE8A
:1042B400400A704700810D40742700207C270020AD
:1042C4008027002078270020836BF0B41BB153684B
:1042D40043F40043536072B6446B3CB31A4B226000
:1042E400D3F8B0410C421DD1184E776804E07468CD
:1042F400E41BB4F5166F0BD2D3F8404144F4804468
:10430400C3F84041D3F8B851D3F840416404EED522
:104314000D4007D10C4CC0E90225D4F8B0310B4351
:10432400C4F8B031426362B6F0BC7047064DC0E9D0
:104334000224D5F8B0310B43C5F8B03102634263AF
:1043440062B6F0BC704700BF00002E40001000E0D1
:1043540070B5056B9DB106462A46002403E0126839
:104364000134012A0CD0536813F08003F7D0326370
:104374002CB12846B36B2D689847013CF9D170BD28
:10438400C6E90C33F4E700BF30B4D9B91F4C204B55
:104394000021204A01254FF0011099601D60C4E9F5
:1043A400023180245C60C2F8BC01D2F8B0311A48F2
:1043B4002B43C2F8B0310160D2F8B031002BFBD1ED
:1043C40030BC70470904154B104C012541F08001A5
:1043D4009860104A596000F580511D60D96000F55D
:1043E4000051A364196100F5405100F58040596102
:1043F40000219861E164D2F8B03143F48033C2F80B
:10440400B031D2F8B031002BFBD1C0E7000000205E
:10441400C01E002000002E409C240020E01E00202E
:10442400084901220B7802FA00F023EA0000087020
:1044340030B9054AD2F8483123F08003C2F8483134
:10444400704700BFB527002000002E402DE9F04F33
:10445400974C83B0D4F84471FB07C4F8447153D526
:10446400D4F8AC21002A4AD0924EDFF860A2DFF8DB
:104474007492DFF874B2DFF87482C4F8AC21D6E920
:104484000A20D4F8403143F40053C4F84031D4F83E
:1044940040319D04F5D5D4F8403123F40053C4F8D9
:1044A40040314FF00113C4F8B431D4F8B45115F0CD
:1044B4000115FAD193B28446CAF80050B3F5086FD7
:1044C40000F0CF8100F2DB8040F202318B4200F039
:1044D400E78100F29A80822B00F0CB81B3F5817FD3
:1044E40040F08A8010F0780F83B200F003824FF01E
:1044F4000113C4F8C031D4F8AC21002ABDD16C4AF0
:10450400D2F8BC31002B42D17E0616D5684BD3F8C5
:10451400AC21C3F8AC21D3F8BC21C3F8BC21D3F837
:10452400B041002CFBD14FF0FF32C3F8B421D3F8D3
:10453400843100F029FD604B1C60FC0103D55F4B06
:104544001B6803B19847B80103D55D4B1B6803B1E1
:104554009847790708D5564BD3F8843113F4007380
:1045640047D0584B01221A70514BD3F848311A06E0
:104574000AD53B0608D5544A13782BB1013BDBB26C
:104584001370002B00F0728203B0BDE8F08F4F4926
:10459400C2F8BC310868034240F0D181464A14682D
:1045A4001C40B1D05FEA144810D0424E4FF00109CC
:1045B40098FAA8F5B5FA85F506EBC51009FA05F5DC
:1045C4004030FFF7C5FE38EA0508F1D1A4B2002C4B
:1045D4009AD0384E4FF0010894FAA4F5B5FA85F54F
:1045E40006EBC51008FA05F5FFF7B2FEAC43F3D1AC
:1045F4008AE7344A1370B7E7802B7FF478AF3448E6
:1046040002210580FFF7C0FE75E7B3F5A06F00F047
:104614000B81A3F5D063012B3FF669AF2D4B5D6889
:10462400002D3FF464AF1FFA8CFC4FEA124E04E0F5
:104634001D690C33002D3FF45AAF1A887245F7D127
:104644005A886245F4D14FEA1E22032A00F0A5815C
:104654001A89000C824228BF0246BEF5007F40F052
:10466400A181184B1C4918781C4B0192002818BFD3
:1046740019461B48FFF7DCF9194D019AE1E142F2B2
:1046840021218B427CD033D942F221318B4200F07C
:1046940081804FF6C0018B427FF429AF10F47F4F25
:1046A40083B27FF424AF43F46E4363F30F0CB5E796
:1046B40000002E4000000020A0240020A02700209D
:1046C400A4270020BB270020BC2700209C24002016
:1046D4003C270020481300208C1E0060F01E006060
:1046E40000002020942400205DCFC6B8C0012E40D5
:1046F400B3F5106F66D042F221018B427FF4F7AE1E
:10470400030C072B7FF4F3AEB24BB349F560D960C9
:10471400B249B360C3F80890C1E9002001221A60CD
:10472400AF4A5A60AF4A1A61D4F8B01141F001019E
:10473400C4F8B01102F5805102F5005259619A6132
:10474400D4F8B031002BFBD1A74AF3649360012362
:10475400B264136048F2800353604FF00113C4F84D
:10476400BC31D4F8B03143F48033C4F8B0314FF4E1
:104774008033CAF80030D4F8B031002BFBD1BAE64C
:1047840080B238B9994BC2F307421968984B196043
:10479400984B1A70944B00229A60F2640122B3641D
:1047A4001A6080225A604FF00113C4F8BC31D4F867
:1047B400B03143F48033C4F8B031D4F8B031002BB5
:1047C400FBD198E6C2F307428B4B1A708B4BC4F8AB
:1047D400C8318B4BC4F8CC318A4BC4F8D03100F0CB
:1047E400D5FB80222946884802F084FE874B80222C
:1047F400C6F8A0B0C6F8E0307B4BF5645A600122DD
:10480400B3649D601A604FF00113C4F8BC31D4F84E
:10481400B03143F48033C4F8B031CAF80050D4F84E
:10482400B031002BFBD166E66F4B0121F5641960B2
:1048340080219D60B36459604FF00113C4F8BC310A
:10484400D4F8B03143F48033C4F8B031D4F8B03183
:10485400002BFBD1130C5B0643F08073C4F8543176
:1048640049E6654B01216A481B780370FFF78CFD0C
:1048740041E683B210F078007FF439AE03F07F0292
:1048840058F82210624A1080180600F19E80CB0767
:1048940001D50123137002215D48FFF775FD2AE657
:1048A40010F0780F83B27FF422AE03F07F0213F08E
:1048B400800F58F8223014BF43F4803343F00103CF
:1048C40048F822300022484BF2649A600122B36413
:1048D4001A6080225A604FF00113C4F8BC31D4F836
:1048E400B03143F48033C4F8B031D4F8B031002B84
:1048F400FBD100E603F07F0213F0800F58F822305A
:1049040014BF23F4803323F0010348F8223000223B
:10491400354BF2649A600122B3641A6080225A60B3
:104924004FF00113C4F8BC31D4F8B03143F48033F0
:10493400C4F8B031D4F8B031002BFBD1DBE5002052
:10494400086026490C88486842F221018C427FF4B1
:1049540025AE80B200287FF421AE2E492E4C03C927
:10496400A18086284FEA11412060A1717FF416AE20
:1049740072B62A48017841F008010170D2F8481152
:104984000D0605D480200143C2F84401C2F8481141
:1049940062B6234A5021117000E6000C2A78824244
:1049A40028BF0246BEF5E06F44D11E4B1E4D187859
:1049B4001E491F4B0192002818BF19462846FFF7CD
:1049C40037F807236B70019A3BE0C9033FF561AFE9
:1049D40061E700BFE01E0020943400208020002006
:1049E4008000070094440020C01E00208C27002073
:1049F4009C270020B9270020BA2700200200CC0001
:104A0400C80002000200C800800000201993D57479
:104A14003C2700209424002094270020B527002060
:104A2400BC270020BB27002000002020F01E0060CF
:104A34008C1E00602946104D01922846FEF7F8FFAF
:104A4400019A25F01F031544BFF34F8F4FF0E02167
:104A5400C1F8703F20339D42FAD8BFF34F8FBFF3A4
:104A64006F8F05481146FFF78FFC44E50320FFF7DD
:104A7400D7FC08F0C9F800BF000020202DE9F0475A
:104A84001F46831E022B01D9BDE8F087DFF84C9046
:104A940015460C463C2209EBC01806464FEAC01ADC
:104AA400002108F10400240402F024FDB5FA85F283
:104AB4000123520944EA427449F80A40C8F838709C
:104AC400C8F80830002FDFD0034AB34011680B4305
:104AD4001360BDE8F08700BFA02400200000002080
:104AE4002DE9F0470D46811E022901D9BDE8F08762
:104AF400C701DFF84C909246044640373C2200211F
:104B04001E4609EB07082D0408F1040002F0F2FC2C
:104B1400BAFA8AF2520945EA427249F80720012298
:104B2400C8F83860C8F80820002EDFD0034B1034D2
:104B34001968A2400A431A60BDE8F087A024002047
:104B44000000002012048160C36101F5405342F06B
:104B5400800210B40124426001F50052046001F5A2
:104B6400805401F58041C46081615DF8044BC0E963
:104B740004237047831E0A46022B00D97047064B54
:104B840000F110014FF0010C03EBC0100CFA01F11D
:104B94004030FFF799BB00BF00000020831E0A4687
:104BA400022B00D970470121024B814003EBC01056
:104BB400FFF78ABB0000002040687047124A134B7D
:104BC400D2F8200220F07F40984210B584B002D27F
:104BD40000EB800040000E4C01A90A22FEF7C2FF40
:104BE40001A90023204611F8012B01333AB10A2B05
:104BF40020F8022FF7D11623237004B010BD5B00F8
:104C0400DBB2237004B010BD00441F4080969800AE
:104C1400B41B002000F0CEBA00F09EBA00F05CBBDA
:104C240000F032BB0846114600F022BBF8B5144C24
:104C34004FF0E025134E4FF4003204EB4024124FA2
:104C440006EB40160346C5F88C2121463A883046C7
:104C5400FFF778FF3B882344BFF34F8FC5F85C4FC1
:104C64002034A342FAD8BFF34F8FBFF36F8F0320D2
:104C74003146FFF793FF4FF40033C5F80C31F8BD0C
:104C840080002020001F0020A8270020244B2DE9AD
:104C9400F0411C884368C569C3F30E43E41A002C31
:104CA40024DD204920480A780078D3B21F4E82427E
:104CB4001F4807D010F8038036F81870C7F5007243
:104CC400944218D90133002226F81540082B194EB6
:104CD40088BF134626F8152098BFDAB2C554164B80
:104CE4000A701A6814441C60BDE8F0812846BDE8C7
:104CF400F041FFF79BBF07EB4820104922462744A9
:104D0400084401EB4521FEF793FE0B4A284626F89A
:104D1400187013682344BDE8F0411360FFF786BFA1
:104D2400A8270020B3270020B4270020482700200C
:104D340068270020582700204427002080002020D6
:104D44001D4B1A78002A36D102F0FF031B4A127851
:104D54008AB32DE9F0411A4D2A8852B3194EC2F58F
:104D64000068194F3278194C07EB421704EBC22440
:104D7400424638462146FFF7E5FE04EB0802BFF33E
:104D84004F8F4FF0E023C3F8704F2034A242FAD87B
:104D9400BFF34F8FBFF36F8F04203946FFF7EAFE4E
:104DA40033780133DBB2032B88BF00233370002335
:104DB4002B80BDE8F0817047B8270020BA27002077
:104DC400AA270020B72700200020002080102020E0
:104DD4002DE9F04F85B0CDE90110002900F0BF8026
:104DE4000023604CDFF89881DFF898A15E4F0093B0
:104DF40001235E4A23705E4B1978B8F8003002EB49
:104E04004119002B40F0A7801E461D469B4648468C
:104E1400FFF7D2FE10F0800000F08C80BFF34F8FBC
:104E24009AF8003084F800B005B93E68002B7DD1B3
:104E34003B689B1B782B00F287804E4B1B78002B22
:104E440074D000F093FA0122B8F8003015462270AD
:104E5400002BDCD0464AC3F5006011781A4600EBFB
:104E6400C120454DC9022844019D954217D20393A0
:104E7400DDE901512A46FEF7DBFD039B4FF040427A
:104E84005B1BA8F800303D4BC3F88420BFF34F8F61
:104E9400009800232844237005B0BDE8F08F364BFA
:104EA400CD180299FEF7C4FD00234FF40062294691
:104EB4004846FFF747FEBFF34F8F05F1200205F583
:104EC4000063934234BF012340234FF0E02205EBFB
:104ED4004313C2F8705F2035AB42FAD1BFF34F8F52
:104EE400BFF36F8F04204946FFF744FE204A13782E
:104EF4000133DBB2032B84BF00231D4A1370B8F8BF
:104F04000030019AD11A009A1A4401910092029A2F
:104F14001A4400230292194AA8F80030C2F88430D7
:104F2400BFF34F8F237000297FF462AF009805B060
:104F3400BDE8F08F4FF400620D4B8AF80000197839
:104F44001346A8F800208AE7012300988AF8003065
:104F540005B0BDE8F08F1A46C3F500607FE70198FD
:104F6400E5E700BFB82700208C27002000200020A0
:104F7400B7270020BA2700208010202000002E40F0
:104F8400AA270020B6270020704700BF2A4B002123
:104F940080222A4870B51B780024294D8B42294E63
:104FA4000CBF40234FF400732B80338002F0A2FA2D
:104FB400254A2146254B14704FF4807224481C80E6
:104FC40002F098FA234A1021234B0220C2E900443C
:104FD400C2E90244214AC3E900441470204AC3E9E7
:104FE4000244204B1C70234614602246FFF778FDD0
:104FF4002246318803201C4BFFF740FD2346012243
:1050040029880420FFF76CFD20460134FFF70EFECB
:10501400082CF9D1154B4A2215480021154C04607F
:10502400C3F88410C3F88020D3F8482142F080727A
:10503400C3F8482170BD00BFBB270020002000201A
:10504400AC270020A8270020B7270020AA2700208B
:10505400001F00204827002058270020B3270020E5
:1050640044270020B42700202D2D000000002E40EE
:10507400A0270020E12D00002DE9F04F4FF0E023A0
:105084004FF40032DFF8C8A083B0C3F88C218B46FC
:105094009AF8004000294FD08046E4B20027DFF898
:1050A400B490264BABEB070225491B78A34204F1CD
:1050B40001043FD0092C234B404628BF00241E5D29
:1050C40039F816C00CEB462319441F4B33F816501D
:1050D400A5EB0C05AA421CD20CEB462C18491B4C20
:1050E40061440192FEF7A4FC216839F81650584631
:1050F400019AA1EB0B012A44394429F816202160B6
:105104004FF0E0234FF40032C3F80C2103B0BDE8A4
:10511400F08F2A462F44FEF78BFC0C49E3B230464D
:105124000A68A844521B0A608AF80030FFF77EFD23
:10513400BB45B6D83846E3E70846E1E7B327002085
:1051440080002020682700204827002044270020D2
:10515400B4270020582700200B4B0C4A12781978EA
:10516400D3B28A420DD0013309480A4A092B0A49AD
:1051740028BF0023C35C31F8131002EB4323585CAF
:1051840070474FF0FF307047B3270020B42700204A
:10519400682700208000202058270020044B10B5E9
:1051A4001C680CB1204610BD00F0E0F8204610BD8C
:1051B400442700202DE9F84F144E154D33782A78F2
:1051C400934221D0DCB2DFF85090DFF850B0DFF822
:1051D4005080104F0134082C5FFA84FA01D900245E
:1051E400A24619F80400DBF8003038F8102037F82C
:1051F4001010521A9B1ACBF80030FFF717FD86F8EF
:1052040000A02B78A342E5D1BDE8F88FB427002095
:10521400B3270020582700206827002044270020B7
:105224004827002000B583B001210DF10700FFF7E6
:1052340023FF20B19DF8070003B05DF804FB4FF095
:10524400FF30F9E7094B00B583B01B788DF80700F0
:105254003BB101210DF10700FFF7BAFD03B05DF882
:1052640004FB03F0FF0003B05DF804FBBA27002041
:10527400044B1B7803F0FF020BB1FFF7A9BD1046E6
:10528400704700BFBA2700202DE9F0410024DFF861
:10529400448001230D4D27460D4E88F800303378A5
:1052A40028462035A34204F1010405D0FFF784FC0D
:1052B400030658BF07F50067042CF0D1BFF34F8FE6
:1052C4000023384688F80030BDE8F0810020002033
:1052D400B7270020B82700202DE9F8431D4B1B7881
:1052E40013B11D4D2A880AB9BDE8F8831B4EC2F5D7
:1052F40000691B4933784A461A4C01EB43181A4F8C
:1053040004EBC324012340463B7021460023FFF7EE
:1053140019FC04EB0902BFF34F8F4FF0E023C3F8ED
:10532400704F2034A242FAD8BFF34F8FBFF36F8F70
:1053340004204146FFF71EFC33780133DBB2032B14
:1053440088BF0023337000232B80BFF34F8F3B7043
:10535400BDE8F883BA270020AA270020B727002039
:105364000020002080102020B82700202DE9F843D9
:10537400324E337863B1324F3A784AB90122D907B1
:105384003A7044D49A0726D400225B073A7001D4B9
:10539400BDE8F8832B4B1A68002AF9D0EFF3058295
:1053A400002AF5D1EFF3108572B6186800283BD0B7
:1053B400254C2178002937D10122227042691A60D4
:1053C400002A38D0916105B962B600258368457713
:1053D40098472570DCE7DFF87C8098F80020002AE5
:1053E400D2D00025DFF870902B4659F823400135C0
:1053F400236820461B69984710B163699B689847E6
:1054040098F80020EBB29A42EFD83378BCE7FFF764
:10541400C5FE68B90D4B1B780BB93378B2E7337806
:1054240003F0FE033370ADE7002DB1D162B6AFE7F0
:1054340000F0D2F9EEE7064B1A60C4E7CA1B00205D
:10544400B027002050210020AE270020601F0060FC
:105454005C210020AF2700206021002070B5EFF30D
:10546400108272B60C4C206880B10C4E0025436942
:10547400236073B19D6102B962B68368457798472A
:10548400EFF3108272B620680028F0D102B962B638
:1054940070BD3360EFE700BF582100205421002085
:1054A400FFF7DCBF0449054A4968054B19601368D6
:1054B40001331360704700BF001000E08C27002008
:1054C40088270020A249A34B88422DE9F047A24C2B
:1054D4005E699A69D4F80C801BD9A04B984240F2BB
:1054E4000281C31A9E491B0AA1FB031340F22761E0
:1054F400DB0903EB830303EB830303F2E2438B42F5
:1055040028BF0B46A3F54877964BA3FB0737FF0844
:1055140004E0954FB8428CBF0E2706278D4908F04A
:105524001F09D1F88030B94543F0C003C1F8803079
:105534000CD228F01F08A1F5F82148EA0708C1F8A1
:105544000C800B68002BFCDA08F01F0916F00073BE
:1055540024D186490C698649A14300F0EA8082F48B
:10556400805134464FF4805514F0605F04D026F027
:1055740060561E43774B5E6111F4405F07D022F4FE
:10558400405274492A438A618B6C1A07FCD446F052
:105594000076704A5661936C9B06FCD4754CA0420D
:1055A40000F2CE804FF0010C0146634603FB01126A
:1055B40003F1010E0CF10105A24218D8BEF1080F47
:1055C4004FF0010340F08D80BCF1040F00F2918094
:1055D4000A18A24200F2A48005FB00F1AC4603F1D4
:1055E400010E03FB01120CF10105A242E6D90CF1F4
:1055F400FF318C0286EA81215F4810445F4A904261
:105604007FD9DFF8A4A16C225D48584DB0FBFEF0B1
:10561400D5F800E0B0FBFCF0DFF890C10EEA0C0C0A
:10562400D44509D042F400524FF4805CC5F800C060
:105634002A602A68002AFCDA464A156905F007053B
:105644009D4203D01361936CDD03FCD411F4E05F3D
:1056540009D026F4E05604F4E0543E4A2643566149
:10566400936C9907FCD44749474A014491423CD87A
:10567400464BC909A3FB0131090B4B1E1B0286EAE9
:10568400030212F4407F06D026F4407603F44073FC
:10569400304A334353612F4A536923F000735361F3
:1056A400936C9B06FCD43A4B4F45A3FB00234FF06D
:1056B400FF324FEA9343B0FBF1F1B2FBF3F3354A07
:1056C4001060354A1160354A136008D228F01F086B
:1056D400214A48EA0707D7601368002BFCDABDE8C3
:1056E400F087734662E7122718E74FF440730421EA
:1056F400C5E70CF1FF31204807238C02104486EAE9
:105704008121274ADFF8A8A0A2FB0020020D25482A
:10571400362A38BF362202FB00F042EA0A0A74E74E
:105724004FEA8C24002386EA8C214FF0010EAC460C
:1057340062E71D4686F0C05411464FF0C05313E78C
:1057440000244FF0010C024631462346E64653E757
:1057540000A4781F00C00F40000008400046C32387
:1057640023B24C001F85EB5100366E0100800D40C2
:1057740040300080FFB19F26808D5B00FF7EF64D98
:1057840000643F4D7FD1F0087F17B42C9F10E500D3
:1057940083DE1B435415002050150020842700206D
:1057A400819F5E16001BB7006C2000807F30018053
:1057B40000200080074A506A936A19468446506A5A
:1057C400936A9942F9D18445F7D1DB0B43EA40400F
:1057D400704700BF00400D40704700BF08B5D0E9D6
:1057E40000325BB1BAB10F4BA3FB0213DB0803EB2E
:1057F4004303B2EB83030AD1012008BD094BA3FB89
:105804000213DB0803EB4303B2EB830301D0D21A88
:105814004260F02AF0D801F05DFF1C22034600200C
:105824001A6008BDABAAAAAA70B5044638B319B168
:10583400B2FA82F67609A2B9206800B36268F2B1BE
:10584400184B194902FB03F3B1EBB30F17D3A36849
:10585400E3B90022012322606260A260E26018467C
:1058640070BD1D46049BC0E90012C360FFF7B6FF7C
:1058740003460028F3D06DB90123184670BD01F02A
:1058840029FF162200230260184670BD002101F092
:1058940031FEDEE7626831462068A56001F02AFE29
:1058A4000123DCE7ABAAAAAA5555551503460846B9
:1058B400194601F029BC00BFB0EE407B17EE903AC8
:1058C4001B4A23F0004393421BDD1A4A934202DD34
:1058D40030EE400B704700B585B0684600F05CF9C7
:1058E40000F0030001289DED021B9DED000B0CD080
:1058F400022812D070B1012000F0F6F805B05DF86E
:1059040004FB9FED091B00F057B800F0EDF8B1EE71
:10591400400BF3E700F050F8F0E700F04DF8B1EE7B
:10592400400BEBE7AFF30080000000000000000034
:10593400FB21E93FFFFFEF7FB0EE407B17EE903A8B
:105944001B4A23F0004393421CDD1A4A934202DDB2
:1059540030EE400B704700B585B0684600F01CF986
:1059640000F0030001289DED021B9DED000B0ED0FD
:10597400022813D070B100F01FF8B1EE400B05B04F
:105984005DF804FB9FED081B002000F0ADB800F0AB
:1059940013F8F4E7012000F0A7F8F0E7012000F085
:1059A400A3F8B1EE400BEAE700000000000000009D
:1059B400FB21E93FFFFFEF7F10EE903A23F0004315
:1059C400B3F1795F2DED028B2EDAFDEEC07B17EE7D
:1059D400903A002B65D020EE004B9FED358B9FED68
:1059E400362B9FED373BA4EE082B9FED375BA4EEDF
:1059F400023B9FED376BA4EE035B9FED377BA4EE78
:105A0400056BA4EE067B24EE077B21EE401BB6EE6D
:105A1400006BA4EE071BB7EE000B94EE061BBDEC67
:105A2400028B30EE410B70479FED218B20EE004B33
:105A34009FED212B9FED223BA4EE082B9FED225BD3
:105A4400A2EE043B9FED226BA3EE045B9FED227B51
:105A5400A5EE046B224AA6EE047B934227EE047B58
:105A6400D3DD204A934217DCB7EE006B0020A3F588
:105A7400001141EC150B36EE456B21EE401BB6EEE2
:105A8400003BA4EE071B94EE035BBDEC028B35EEEA
:105A9400410B36EE400B7047B6EE076BB5EE025B7A
:105AA400EBE7B7EE000BBDEC028B7047AFF3008061
:105AB400D43888BEE9FAA8BDC4B1B4BD9EEE213E77
:105AC400AD529C804F7E92BE9015CB19A001FA3E38
:105AD4007751C1166CC156BF4C5555555555A53F08
:105AE4003233D33F0000E93F10EE903A23F00043F5
:105AF400B3F1795F04DAFDEEC07B17EE903A5BB345
:105B040020EE007B9FED162B9FED173B9FED184B6E
:105B1400A7EE023B9FED185BA3EE074B9FED186BBE
:105B2400A4EE075BA5EE076B20EE075B30B99FED93
:105B3400164BA7EE064BA4EE050B70479FED144BD6
:105B440026EE456BB6EE003BA1EE036B96EE071B0B
:105B5400A5EE041B30EE410B704700BFAFF300808D
:105B64007CD5CF5A3AD9E53DEB9C2B8AE6E55ABE63
:105B74007DFEB157E31DC73ED561C119A0012ABFFF
:105B8400A6F810111111813F495555555555C5BFFA
:105B9400495555555555C53F70B553EC102B9C4987
:105BA40023F000458D4288B004466ADD99498D4250
:105BB4001E461BDC002B9FED867B40F3EB8030EE12
:105BC400477BA1F51B21A1F5F0618D426AD09FEDC1
:105BD400826B012037EE465B37EE457B84ED005B3C
:105BE40037EE467B84ED027B08B070BD8A498D4256
:105BF40060DD8A498D424DDC2A1510EE100AA2F2AE
:105C04001642A5EB025141EC170B9FED755BBDEEFF
:105C1400C76BB8EEC66B37EE467B27EE057BFDEE11
:105C2400C74B8DED026BB8EEE46B37EE467B27EE87
:105C3400057BB5EE407BF1EE10FA8DED046B8DED36
:105C4400067B40F0968014EE903A002B0CBF0123A3
:105C54000223734901910221009102A8214600F018
:105C6400EFF8002EC0DA94ED006B94ED027BB1EEF8
:105C7400466BB1EE477B84ED006B84ED027B4042C2
:105C8400B2E700200021C4E90201002084ED000BEA
:105C940008B070BD30EE407B002084ED027B84EDC3
:105CA400007BA1E79FED505B9FED516B37EE457B89
:105CB40001208FE700F0BAF8B6EE007B9FED4E5B53
:105CC400A0EE057BFDEEC77B9FED413B17EE900AEE
:105CD4009FED416B1F28B8EEE75BB1EE454BA5EE97
:105CE400430B25EE067B1CDC4E4B421E53F8223040
:105CF400AB4216D030EE476B84ED006B30EE460BB2
:105D040030EE470B002E84ED020BBFF66DAFB1EE03
:105D1400466BB1EE400B84ED006B84ED020B404208
:105D240062E730EE476B16EE903AC3F30A53C3EBC7
:105D34001553102B4FEA2552DEDDB0EE403B9FEDAC
:105D44002A6B9FED2B2BA4EE063B30EE437BA4EE97
:105D5400067B95EE027B33EE476B16EE903AC3F367
:105D64000A53D21A312A06DCB0EE430B84ED006BE1
:105D7400C4E703236DE79FED226BB0EE430B9FED69
:105D8400222BA4EE060B33EE407BA4EE067B95EEAD
:105D9400027BAFE7244930EE077B8D420ED09FEDA6
:105DA4000E6B4FF0FF3037EE065B37EE457B84ED2C
:105DB400005B37EE067B84ED027B15E79FED0A5B03
:105DC4009FED0B6B37EE057B4FF0FF30EBE700BF29
:105DD40000004054FB21F93F3163621A61B4D03DA5
:105DE40000000000000070410000601A61B4D03D62
:105DF4007370032E8A19A33B83C8C96D305FE43FD7
:105E04000000002E8A19A33BC14920259A837B39BF
:105E1400FB21E93F7BD90240FB213941FFFFEF7FA2
:105E2400401200206C110020FB21F93F51EC100BB3
:105E340010EE102A21F0004343EC102B704700BFF2
:105E44002DE9F04F2DED088BADF5157D1C4604931F
:105E54000791AB4BA69912F1140F53F821508246C7
:105E640004F1FF38C0F29982A649D31E81FB0301D5
:105E7400DB17C3EBA10303930133A3EB8303DB0021
:105E8400D3180693039B15EB0801A3EB08031AD45C
:105E940001319FED956BA79819441CAA0AE050F8AC
:105EA400234007EE904A0133B8EEE77B8B42A2EC25
:105EB400027B08D0002BF2DAB0EE467B01338B4232
:105EC400A2EC027BF6D1002DC0F2C982049B1CAA6D
:105ED40002EBC3046CAE4FEAC30C4046EF180AEB66
:105EE400C301B8F1000F9FED807B09DB22465346C6
:105EF400B3EC025B32ED026B8B42A5EE067BF7D16D
:105F04000130B842A6EC027B04F10804E9D108AFE1
:105F140007EB85039FED769B9FED778B043BDDF8C4
:105F240018B005930AEB0C0407EB85096CAE2946FF
:105F3400019594AB03EBC103002913ED280B16DD87
:105F440006EBC1033A4620EE097B33ED025BB0EE6B
:105F5400406BBDEEC77BB342B8EEC77BA7EE486B80
:105F6400BDEEC66B37EE050BA2EC016AEBD15846C9
:105F7400029100F0ADFAB0EE40ABB4EE000B2AEEA5
:105F8400000B00F02DFBB2EE007BA0EE47ABBDEEA4
:105F9400CABBBBF1000FB8EECB7B02993AEE47AB1C
:105FA40074DD01F1FF3ECBF1180357F82E2042FABD
:105FB40003FC0CFA03F3D21ACBF117001BEE103AD0
:105FC40042FA00F56344002D47F82E200BEE103AF8
:105FD40064DCB5EE40ABF1EE10FA40F0C480019BF6
:105FE40001F1FF3E73450DDC4FEA810C07EB8103A1
:105FF400002053F8042D4B4540EA0200F9D1002853
:1060040040F0F280019B013B57F82330002B40F015
:10601400E680059B012553F8042D0135002AFAD0AA
:1060240001F1010E0D447046049B1944039B03EBDC
:106034000E0C0CF1804CA79B0CF1FF3C03EB8C0C79
:106044001CAB06EBCE0E03EBC1019CED017AB8EE5E
:10605400C77BB8F1000F81ED007B0CF1040C0A46FC
:106064009FED216B01F1080109DB534601E032ED9C
:10607400027BB3EC025BA342A5EE076BF7D10130C0
:10608400A842AEEC026BE0DD294652E740F09D8069
:106094004B1E57F82350ED15002D9ADD1BEE103AD8
:1060A400002903F101030BEE103A40F38C813A68A6
:1060B400002A40F0828001292DD03B46012053F86C
:1060C400042F002A7CD0431CC2F18072994247F805
:1060D40020201FDD57F8232007EB810C07EB8303F7
:1060E4006FF07F4011E000BF0000000000000000DE
:1060F400000000000000703E00000000000070413D
:1061040020110020ABAAAA2A1A68821A43F8042B89
:106114006345F9D10122BBF1000F0DDDBBF1010F85
:1061240000F03381BBF1020F06D1481E57F820302E
:10613400C3F3150347F82030022D7FF44AAFB7EEBE
:10614400000B30EE4AAB002A3FF443AF58460291AD
:1061540000F0BEF93AEE40ABB5EE40ABF1EE10FA0A
:1061640002993FF43CAF069CB0EE4A0B6042A8464D
:106174008B46019D00F0ACF99FEDC16BB4EEC60BEC
:10618400F1EE10FAC0F247819FEDBF7B20EE077B52
:10619400BDEEC77B0BF10102B8EEC75BA5EE460B63
:1061A400BDEEC00B183410EE103A47F82B3017EE42
:1061B400103A069447F822302AE00123002083E7AE
:1061C400013088427FF47BAFA5E7B6EE007BB4EEE6
:1061D400C7ABF1EE10FA80F2E5800025F9E601F193
:1061E400010E704675461FE7069BA3F1180157F888
:1061F4002E300691A8467246019D4BB9ACF10403BA
:106204003B4453F8040D013A18390028F9D006919B
:106214000698B7EE000B019200F05AF9019A002A91
:10622400C0F221819FED986B02F1010C6CA907EB80
:106234008C034FEACC0E01EBCC0133ED017ABB4267
:10624400B8EEC77B27EE007B20EE060B21ED027B28
:10625400F3D19FED8F4BAEF108036CA9CE18002447
:1062640044AF002D9FED8C7B10DBB0EE446B8C486B
:106274003146002303E09C4208DBB0EC026BB1EC36
:10628400025B01339D42A5EE067BF4DA07EBC403FF
:10629400944283ED007B4FEAC40104F10103A6F1AB
:1062A400080601D01C46DCE7A69B022B1DDC002B54
:1062B40000F38B800FD19FED787BBE443EED026BE3
:1062C400774537EE067BF9D143460BB1B1EE477BF8
:1062D400079B83ED007B1BEE103A03F007000DF5DE
:1062E400157DBDEC088BBDE8F08FA69B032BF2D186
:1062F400002A00F0E38002F1005307EBC20030ED06
:10630400026BB0EE475B874237EE067B36EE476B97
:1063140080ED007B36EE056B80ED026BEFD1012A38
:1063240040F3CC80394491ED006BDA0046A907EBC9
:10633400C30333ED027BB0EE465B994236EE076B46
:1063440037EE467B83ED006B37EE057B83ED027BF6
:10635400EFD19FED517B02F108033B4407F110029A
:1063640033ED026B9A4237EE067BF9D14346002B9C
:1063740059D1D7E90001D7E90223079C84ED047BB6
:10638400C4E90001C4E90223A5E7481E57F82030F8
:10639400C3F3160347F82030CEE600216FF017034D
:1063A40003916DE51BEE103A002903F101030BEE96
:1063B400103AC8BF02253FF77AAEB7EE007B37EE3E
:1063C4004AAB022505E60022A5E69FED337B07EBE9
:1063D400CC0C3CED026B674537EE067BF9D14346A6
:1063E40097ED006B8BBB079B002A83ED007B36EE99
:1063F400477B0CDD46A90123B1EC026B01339A42C1
:1064040037EE067BF8DA43460BB1B1EE477B079BC8
:1064140083ED027B5FE7BDEEC00B5A4610EE103AE7
:1064240047F82B30F4E697ED005BB1EE477B97ED30
:10643400026BB1EE455B079BB1EE466B83ED005BEF
:1064440083ED026B83ED047B45E7079BB1EE475B6D
:10645400002A83ED005B36EE477BCBDCD5E7049B5B
:106464004FEAC30C53E5A69B022B1BDC002B21DC5B
:106474007FF431AF9FED087B26E700BFAFF30080C8
:106484000000000000007041000000000000703EA9
:1064940000000040FB21F93F000000000000000064
:1064A40088020020A69B032B7FF415AF9FED067B8B
:1064B40044AF5BE79FED047B44AF90E79FED027B25
:1064C40054E700BFAFF300800000000000000000AC
:1064D40053EC102B10B4C3F30A54194674BB23F0C5
:1064E4000041114327D09FED307B3B4920EE077BD1
:1064F400884253EC172B43DBC3F30A541946363C4A
:106504004CF2503C604522DC204440F2FE74A04230
:106514001DDC002829DC10F1350F38DB21F0FF41A8
:10652400363021F4E0019FED227B41EA005343EC35
:10653400102B20EE070B5DF8044B704740F2FF7CF4
:106544006445DDD130EE000B5DF8044B70479FEDE0
:106554001A7B9FED1B5BB0EE470B002B5DF8044BE1
:1065640027FE057B27EE000B704721F0FF4121F445
:10657400E00141EA005343EC102B5DF8044B7047F3
:106584009FED110B5DF8044B27EE000B70479FED58
:106594000E7B9FED0F5BB0EE470B002B27FE057BB8
:1065A40027EE000BC7E700BF0000000000005043C7
:1065B400000000000000903C9C7500883CE4377E9D
:1065C4009C7500883CE437FE59F3F8C21F6EA501A0
:1065D40059F3F8C21F6EA581B03CFFFF0000000014
:1065E40010B582B08DED000B01990098C1F30A52E9
:1065F400A2F2FF33132B844631DC002B21DB3A4A11
:106604001A4101EA020404438E462DD09FED347BE7
:106614009DED006B36EE077BB5EEC07BF1EE10FA14
:1066240009DD002904DA4FF4801141FA03F39E4492
:106634002EEA020100200B46024643EC102B02B066
:1066440010BD9FED277B30EE077BB5EEC07BF1EEEE
:1066540010FAF0DD002928DB00200146EBE7332B9C
:1066640006DDB3F5806F1BD09DED000B02B010BDAD
:10667400A2F213424FF0FF3E2EFA02F21042F3D080
:106684009FED177B9DED006B36EE077BB5EEC07B6F
:10669400F1EE10FACFDD002913DB2CEA0200CAE781
:1066A4009DED007B37EE070BE0E721F0004101434D
:1066B4000E4B00294FF000000CBF4FF0004119466B
:1066C400B9E7142B09D00124C3F1340304FA03F30A
:1066D4009C44604588BF0919DFE70131DDE700BF4D
:1066E4009C7500883CE4377EFFFF0F000000F0BF7C
:1066F400024B0146186801F095B900BF601B0020E9
:106704002DE9F04F01F10B06162E83B0044624D870
:10671400102900F2BA8000F0A3FA102618220220F1
:10672400B54F3A44A2F1080153688B4200F0BA8095
:106734005A68D96822F003021A449D68E9608D60A2
:10674400516841F001012046516003F1080500F051
:106754008DFA284603B0BDE8F08F36F0070600F145
:106764009480B14200F2918000F07AFAB6F5FC7F91
:10677400C0F09A81730A00F08F80042B00F26F81BD
:10678400B30903F1390003F1380CC3009A4F3B44B9
:10679400A3F108055B689D4206D10CE0002980F254
:1067A4002781DB689D4206D05A6822F00302911BC0
:1067B4000F29F3DD60463D69DFF850C265457CD0A2
:1067C4006A6822F00302931B0F2B00F37B81002BDA
:1067D400C7E904CC80F26C81B2F5007F80F01A81A5
:1067E400D308796801334FEA521E012202FA0EF2ED
:1067F4000A4357F833E0C5F808E007EBC30108394A
:10680400E9607A6047F83350CEF80C5083100121C8
:106814009940914257D8114206D120F00300490013
:10682400114200F10400FAD007EBC0094D46864638
:10683400D5F80C80454508D11DE1002B80F2248158
:10684400D8F80C80454500F01681D8F8042022F0D1
:106854000302931B0F2BF0DD2046D8E9025408EB0A
:10686400060146F00106C8F80460EC60A56043F038
:106874000104C7E90411C1E902CC4C6048F80230B4
:1068840000F0F4F908F1080502E00C232360002568
:10689400284603B0BDE8F08F4FF4007340204FF05A
:1068A4003F0C73E7D3689A4208BF02307FF440AFCD
:1068B4003D69DFF858C1654582D17A6883100121AA
:1068C40099409142A7D9BD686B6823F003094E45EE
:1068D40003D8A9EB06030F2B7ADCDFF834B1474B5E
:1068E400DBF800201B680132334405EB090A00F091
:1068F400338103F580530F3323F47F6828F00F08A6
:106904004146204600F0BEFE411C024600F0F380E2
:10691400824500F2EE803A4B1968414419600846FA
:1069240000F04E81DBF80010019301311BBFA2EB94
:106934000A010918CBF80020196012F0070B00F0C7
:106944001781CBF108010A44CBF5805190440831FA
:10695400A1EB0801C1F30B0A51462046009200F056
:1069640091FE421CDDE9002300F04F81801A00EB08
:106974000A081968BA6048F001005144BD425060E9
:10698400196000F02981B9F10F0F40F2278168687E
:10699400A9F10C0C2CF0070C00F0010040EA0C00EB
:1069A40068604FF0050E05EB0C00BCF10F0FC0E959
:1069B40001EE00F2328150681546124B1A688A4281
:1069C40038BF1960104B1A688A4238BF196094E0C6
:1069D400AA1943F0010346F001066E602046BA602E
:1069E400536000F043F90835284603B0BDE8F08F42
:1069F400D9681A44A1E600BF4417002050230020A0
:106A040020230020482300204C2300204C17002082
:106A14004C1B0020B2F5206F4FEA522363D3142B92
:106A240000F2B78003F15C01C9005B3307EB010E90
:106A34007958AEF1080E8E4500F091804B6823F032
:106A44000303934202D989688E45F7D1D1F80CE04B
:106A54007A68C5E9021ECEF80850CD60D6E6142B3C
:106A640059D9542B00F29D80330B03F16F0003F1CD
:106A74006E0CC3008AE60EF1010E1EF0030F05F141
:106A840008057FF4D5AE51E0424445465368D8F832
:106A94000C1043F00103536055F8083F2046D960B9
:106AA4008B6000F0E3F8F3E6F00806F1080237E63D
:106AB4002A442046536843F001035360083500F02C
:106AC400D5F8E5E6A919204646F0010643F001048D
:106AD4006E60C7E90411C1E902CC4C60AB5000F010
:106AE400C5F80835D4E6930903F13901C9003833F0
:106AF4009CE7BD425FD0BD68686820F00308464546
:106B0400A8EB060302D80F2B3FF762AF204600F034
:106B1400ADF80025BCE603F15C0003F15B0CC30097
:106B240034E659F808394B4540F0968010F0030FCD
:106B340000F1FF30F5D17B6823EA01037B60490053
:106B440099423FF6C0AE19B9BDE649000EF1040EF4
:106B54001942FAD0704667E603F11008D0E69A109D
:106B64004FF001087B6808FA02F21A437A6070E772
:106B740002EB08014942C1F30B0A51462046009238
:106B840000F080FD431CDDE900237FF4EFAEDA461C
:106B9400EFE6542B25D8130B03F16F01C9006E33B4
:106BA40044E7B3F5AA7F25D8F30B03F1780003F18A
:106BB400770CC300EAE5294B186840441860B1E635
:106BC400CAF30B0CBCF1000F7FF4ACAEBD68C84433
:106BD40048F001006860F0E61546EEE601235360D4
:106BE40094E7B3F5AA7F23D8D30B03F17801C90046
:106BF40077331BE740F25452934223D8B30C03F18A
:106C04007D0003F17C0CC300C0E5ABF1080BD84454
:106C1400A8EB02084FF0000AABE605F10801204694
:106C2400009300F0FFFEBD68009B68681968C4E625
:106C340040F254518B420BD8930C03F17D01C900EF
:106C44007C33F3E64FF47E737F204FF07E0C9DE59A
:106C54004FF47E717E23E9E67B6870E720230020F1
:106C6400014800F065BD00BF18230020014800F072
:106C740061BD00BF1823002010B4044C03460A462B
:106C840020685DF8044B194600F002B8601B002030
:106C94002DE9F84F1746002900F098800C4607F1BB
:106CA4000B058046FFF7DCFF162D54F8041C5BD857
:106CB40010252A46AF425CD821F003069642A4F17F
:106CC400080962DABC4BD3F808C009EB0600844516
:106CD40000F09780D0F804C02CF0010303445B68F3
:106CE400DB0768D42CF0030C06EB0C03934247DA61
:106CF400CB0710D454F8083CA9EB030ADAF80430A3
:106D040023F003018C44B444944580F21181731838
:106D1400934280F2E88039464046FFF7F1FC07468B
:106D2400E0B154F8043C23F001034B44A0F1080201
:106D3400934200F0D280321F242A00F2F580132AF5
:106D440000F2AC800346224611681960516859600C
:106D540092689A602146404600F064FE4046FFF780
:106D640085FF3846BDE8F88F25F00705002D2A4633
:106D7400A0DA0C23C8F8003000273846BDE8F88FA5
:106D84001E46D0E90223D3609A60731B0F2B22D8CE
:106D9400D9F8043003F0010333434E44C9F80430F6
:106DA400736843F00103736040462746FFF75EFFB4
:106DB4003846BDE8F88FC907ADD454F8083CA9EBB0
:106DC400030ADAF8041021F00301A0E7BDE8F84F44
:106DD4001146FFF795BCD9F8042009EB050102F030
:106DE40001024E4443F001032A43C9F804204B60D6
:106DF400736843F0010308317360404600F012FEEB
:106E0400D2E7DCF8040020F0030B06EB0B0C05F1D1
:106E1400100084454DDAC9073FF57DAF54F8081CCE
:106E2400A9EB010ADAF8041021F003018B44B344FE
:106E340058453FF76CAF5746DAF80C1057F8080F6F
:106E4400321F242AC160886000F2DB80132A40F2DA
:106E5400D6802168CAF808106168CAF80C101B2A89
:106E640000F2DF8008340AF11002216811606168C1
:106E74005160A16891600AEB0501ABEB050242F099
:106E8400010299604A60DAF8043003F001032B43ED
:106E94004046CAF80430FFF7E9FE6EE72368036052
:106EA400636843601B2A68D804F1080200F10803F0
:106EB4004AE709EB05029A60ACEB050343F00103D2
:106EC400536054F8043C03F001032B43404644F858
:106ED400043CFFF7CBFE27464FE750F8043C23F071
:106EE40003031E4451E75746DAF80C1057F8080F0D
:106EF400321F242AC16088604CD8132A48D92168DB
:106F0400CAF808106168CAF80C101B2A56D808344D
:106F14000AF110021E462368136063685360A36875
:106F24009360D1463C4630E7214600F067FA11E70A
:106F3400D0E902135746CB60996057F8081FDAF876
:106F44000C30CB60321F242A99602DD8132A29D9FA
:106F54002368CAF808306368CAF80C301B2A42D880
:106F640008340AF1100322681A6062685A60A26841
:106F74009A606646D1463C4607E7A3688360E368A7
:106F8400C360242A26D004F1100200F11003DBE6CA
:106F94003A46BFE7214638461E46D14600F02EFA4F
:106FA4003C46F2E63B46DEE7214638466646D14695
:106FB40000F024FA3C46E8E644170020A168CAF829
:106FC4001010E168CAF81410242A20D010340AF1F1
:106FD40018029FE7236903616169416104F11802A2
:106FE40000F11803B0E6A368CAF81030E368CAF8E1
:106FF4001430242A21D010340AF11803B3E73A4696
:1070040033E72146384600F0F9F9164B33E7226995
:10701400CAF818206269CAF81C2018340AF1200240
:1070240078E7A168CAF81010E168CAF81410242A95
:107034000DD010340AF1180217E72369CAF8183082
:107044006369CAF81C3018340AF120038BE72269FB
:10705400CAF818206269CAF81C2018340AF1200200
:1070640003E700BF44170020F0B5254FA2F1020E3C
:10707400164605460C460FCF8BB0EC46ACE80F0025
:107084000FCFACE80F0097E803004CF8040BBEF1F7
:10709400220F8CF800102ED804F1FF3E70464FF0FA
:1070A400000CB5FBF6F206FB125328336B44614621
:1070B40013F828CC00F801CF2B469E4201F1010CB5
:1070C4001546EED9002304F80C3089B1A444724665
:1070D4001EF8010F1CF8015D8EF80050A4EB0E039E
:1070E4000232013B121B0B449A428CF80000EEDB87
:1070F40020460BB0F0BD0023184623700BB0F0BD42
:10710400B00B0020FFF7B0BF13460A460146022029
:1071140000F0F4BBB7EEC00A002301F069B900BF68
:10712400024A0349034800F0BBB800BF541B0020C7
:107134007D800000F01300200C4B4168994210B58B
:10714400044601D002F04AFFA168094B994202D0DB
:10715400204602F043FFE168064B994204D02046E2
:10716400BDE8104002F03ABF10BD00BF5423002018
:10717400BC230020242400202DE9F8432A4C2B4B67
:107184002B48DFF8C090DFF8C0802A4F1860002534
:1071940004230822294604F15C00274E6566C4E9ED
:1071A4000253C4E90055C4E90455A56100F0A2F9ED
:1071B400224B63670822294604F1C400C4E9074945
:1071C400C4E90987C4E91A55C4E91E55C4F8CC506A
:1071D4002567C4F88050E66200F08CF9184BC4F8B7
:1071E400DC30294604F16803082204F59670C4F8DB
:1071F4008430C4E92298C4E92476C4E93455C4E946
:107204003855C4F83451C4F8D850C4F8E85000F0E4
:1072140071F904F1D003C4E93C98C4E93E76C4F89A
:10722400EC30BDE8F88300BF542300208C240020F8
:10723400C15100007554000095540000090001007C
:1072440012000200115400003554000010B5044629
:107254000A4800F06DFA636B23B9094B094A1B68AD
:10726400626323B1BDE81040044800F063BAFFF73D
:1072740083FFBDE81040014800F05CBA1C230020E5
:107284008C240020D9510000014800F051BA00BFFD
:107294001C230020014800F04DBA00BF1C2300202D
:1072A4002DE9F84380460F4616464FF00009D6E90B
:1072B4000154013D11D4A389012B05F1FF3508D9EF
:1072C400B4F90E300133214603D04046B84749EAA9
:1072D40000096B1C04F16804EDD13668002EE6D178
:1072E4004846BDE8F88300BF0CB410B51F4B002915
:1072F4001C689CB035DB4FF40273ADF81430029077
:1073040006901FAB18D001394FF6FF720491079114
:10731400ADF8162002A91E9A0193204601F0BCF88C
:10732400421C01DA8B232360029B00221A701CB0DA
:10733400BDE8104002B070474FF6FF720491079108
:10734400ADF8162002A91E9A0193204601F0A4F874
:10735400431C01DA8B2323601CB0BDE8104002B04B
:1073640070478B2323604FF0FF30F5E7601B00204C
:1073740010B50C46B1F90E1000F06EF9002803DBCD
:10738400236D0344236510BDA38923F48053A38193
:1073940010BD00BF2DE9F0410C46B1F90C101F4699
:1073A400CB05054616460BD421F48051A1813B46FA
:1073B400B4F90E1032462846BDE8F04100F074B925
:1073C400B4F90E100223002200F030F9B4F90C10C5
:1073D400EAE700BF10B50C46B1F90E1000F026F92B
:1073E400A389421C0EBF23F4805343F480532065C9
:1073F400A38110BDB1F90E1000F006B988420DD971
:107404008B1883420AD900EB020CBAB1624613F816
:1074140001CD02F801CD9942F9D170470F2A0ED857
:10742400034602F1FF3C4AB10CF1010C013B8C44D0
:1074340011F8012B03F8012F6145F9D1704740EA97
:1074440001039B0750D1A2F1100370B501F1200C88
:1074540023F00F0501F1100E00F11004AC441B09D8
:107464005EF8105C44F8105C5EF80C5C44F80C5C4C
:107474005EF8085C44F8085C5EF8045C44F8045C5C
:107484000EF1100EE64504F11004E9D1013312F0B7
:107494000C0F01EB031102F00F0400EB031327D0D0
:1074A400043C24F003064FEA940C1E441C1F8E4631
:1074B4005EF8045B44F8045FB442F9D10CF10104B2
:1074C40002F0030203EB840301EB840102F1FF3CAD
:1074D4004AB10CF1010C013B8C4411F8012B03F867
:1074E400012F6145F9D170BD02F1FF3C03469BE7D2
:1074F4002246EBE7830730B548D0541E002A3FD01C
:10750400CAB2034601E0013C3AD303F8012B9D07BC
:10751400F9D1032C2DD9CDB245EA05250F2C45EA26
:10752400054536D9A4F1100222F00F0C03F1200E08
:10753400E6444FEA121C03F1100242E9045542E901
:10754400025510327245F8D10CF1010214F00C0FFF
:1075540003EB021204F00F0C13D0ACF1040323F07C
:1075640003030433134442F8045B9342FBD10CF04D
:1075740003042CB1C9B21C4403F8011B9C42FBD187
:1075840030BD64461346002CF4D1F9E70346144693
:10759400BFE71A46A446E0E740EA01039B0730B57B
:1075A40001D1032A0FD8844601F1FF3E07E01EF8FB
:1075B400011F03F8011B541EC1B19C4622466346B9
:1075C400002AF4D130BD0B468446194653F8045BB7
:1075D400A5F1013424EA050414F0803FE4D1043A0F
:1075E400032A4CF8045B1946EFD8DDE79444002CD9
:1075F400E8D003F8011B6345FBD130BD014B93F880
:1076040028017047D815002038B5074D00220446DC
:1076140008462A60FCF714FE431C00D038BD2B68D2
:10762400002BFBD0236038BDA424002038B50C46C1
:10763400084D8446114620461A4600232B606446B2
:10764400FCF70AFE431C00D038BD2B68002BFBD08E
:10765400236038BDA424002038B50C46084D844668
:10766400114620461A4600232B606446FCF7E6FDCB
:10767400431C00D038BD2B68002BFBD0236038BDE1
:10768400A424002038B5074D0022044608462A6089
:10769400FCF7BAFD431C00D038BD2B68002BFBD08F
:1076A400236038BDA424002038B50C46084D844618
:1076B400114620461A4600232B606446FBF7E4FF7C
:1076C400431C00D038BD2B68002BFBD0236038BD91
:1076D400A4240020014B1868704700BF601B0020E1
:1076E40070B50D4E0D4D761BB61006D0002455F81E
:1076F400043B01349847A642F9D1094E094D761B43
:1077040005F07EFAB61006D0002455F8043B013487
:107714009847A642F9D170BD481E0060481E00601B
:10772400541E0060481E0060704700BF704700BFD1
:10773400704700BF704700BF80EA0102844612F020
:10774400030F4FD111F0030F32D14DF8044D11F056
:10775400040F51F8043B0BD0A3F101329A4312F009
:10776400803F04BF4CF8043B51F8043B16D100BFE2
:1077740051F8044BA3F101329A4312F0803FA4F173
:1077840001320BD14CF8043BA24312F0803F04BFFA
:1077940051F8043B4CF8044BEAD023460CF8013B67
:1077A40013F0FF0F4FEA3323F8D15DF8044B704711
:1077B40011F0010F06D011F8012B0CF8012B002A4F
:1077C40008BF704711F0020FBFD031F8022B12F03E
:1077D400FF0F16BF2CF8022B8CF8002012F47F4FF9
:1077E400B3D1704711F8012B0CF8012B002AF9D101
:1077F400704700BF0000000000000000000000000F
:107804000000000000000000000000000000000074
:107814000000000000000000000000000000000064
:1078240090F800F06DE9024520F007016FF0000CBC
:1078340010F0070491F820F040F049804FF0000464
:107844006FF00700D1E9002391F840F000F108003F
:1078540082FA4CF2A4FA8CF283FA4CF3A2FA8CF377
:107864004BBBD1E9022382FA4CF200F10800A4FADE
:107874008CF283FA4CF3A2FA8CF3E3B9D1E9042332
:1078840082FA4CF200F10800A4FA8CF283FA4CF369
:10789400A2FA8CF37BB9D1E9062301F1200182FA23
:1078A4004CF200F10800A4FA8CF283FA4CF3A2FA29
:1078B4008CF3002BC6D0002A04BF04301A4612BA37
:1078C400B2FA82F2FDE8024500EBD2007047D1E93A
:1078D400002304F00305C4F100004FEAC50514F0C9
:1078E400040F91F840F00CFA05F562EA05021CBF9A
:1078F40063EA050362464FF00004A9E72DE9F04767
:10790400DFF87CA00646DAF8000098460F46914658
:10791400FFF70EFF184B1C6824B365681F2D24DC89
:107924005EB96B1C0235DAF80000636044F8257018
:10793400FFF700FF0020BDE8F08704EB8501012379
:10794400C1F88890D4F88821AB401A43022EC4F8B9
:107954008821C1F80881E4D1D4F88C211A43C4F8F1
:107964008C21DEE7054C1C60D7E7DAF80000FFF74E
:10797400E1FE4FF0FF30DEE780210020842100206B
:10798400CC150020F8B5244F0C460646FFF768F9DD
:10799400BB685D68C4F57E610F3125F003054B19A2
:1079A40023F47F6323F00F03A3F58054B4F5805FC1
:1079B40007DB00213046FFF765FEBB682B44984285
:1079C40004D03046FFF752F90020F8BD614230463A
:1079D400FFF758FE01300DD0104ABB682D1B45F04F
:1079E40001055D60136830461B1B1360FFF73EF909
:1079F4000120F8BD00213046FFF744FEBA68831A1F
:107A04000F2BDEDD43F001035360054B03491B6874
:107A1400C01A0860D5E700BF4417002020230020C7
:107A24004C1B0020002961D0F8B50C460646FFF730
:107A340017F954F8042C7B4FA4F1080522F0010136
:107A440005EB010CB868DCF80430604523F003034F
:107A540000F08B80D207CCF8043032D454F8082CD0
:107A6400AD1A1144AA6807F1080082426AD00CEBEF
:107A74000304D4F804E0EC68D4601EF0010FA260A3
:107A840000F0978041F001036B60CCF80010B1F571
:107A9400007F35D27868CB080122490901338A4036
:107AA400024357F833107A6007EBC302083AC5E97A
:107AB400021247F83350CD603046BDE8F840FFF776
:107AC400D5B80CEB03025268D00710D4194407F15F
:107AD4000800DCF80830834273D0DCF80C20DA604C
:107AE400936041F001036B606950D0E7704741F047
:107AF4000103B1F5007F44F8043CCCF80010C9D36D
:107B0400B1F5206F4FEA512348D28B0903F13900B4
:107B140003F13802C300F818FB580838984259D0CA
:107B24005A6822F003028A4202D99B689842F7D12C
:107B3400D868C5E902308560DD603046BDE8F840AC
:107B4400FFF794B80CEB03025268D20763D40B44DA
:107B5400DCE90212CA60916043F001026A603046B7
:107B6400EB50BDE8F840FFF781B80B44D10707D4C8
:107B740054F8082CAD1A1344D5E90212CA60916076
:107B840043F001026A60284ABD6012689A4293D8A1
:107B9400264B30461968FFF7F5FE8DE7142B0AD9FA
:107BA400542B1FD80B0B03F16F0003F16E02C300BB
:107BB400B1E719448DE703F15C0003F15B02C300F4
:107BC400A9E741F00103C7E90455C5E902006B6068
:107BD400695071E779689210012404FA02F20A43A9
:107BE4007A60A6E7B3F5AA7F06D8CB0B03F1780039
:107BF40003F17702C3008EE740F25452934206D851
:107C04008B0C03F17D0003F17C02C30083E74FF486
:107C14007E737E227FE741F001036B60CCF8001095
:107C24004AE700BF44170020501B002050230020C7
:107C340082B049B15AB16BB113780B601278101E3F
:107C440018BF012002B0704701A9002AF3D11046E1
:107C540002B070476FF00100F4E700BF436C70B5E9
:107C640005460C464BB153F8240080B1026843F832
:107C740024200023C0E9033370BD2122042102F033
:107C840083FB034668640028EDD1002070BD012108
:107C940001FA04F6721D9200284602F075FB0028D2
:107CA400F3D0C0E90146E4E731B1436C4A6853F8C4
:107CB4002200086043F82210704700BF2DE9F0410C
:107CC4000E6980460F461D4601F1140E0020DEF8B1
:107CD40000108CB202FB0453090C4FEA134C02FB54
:107CE40001CC01309CB204EB0C4486424EF8044BA8
:107CF4004FEA1C45EBDC3DB1BB68B34207DD07EB43
:107D0400860301365D613E613846BDE8F0817968DD
:107D140040460131FFF7A2FF0446B0B13A6902328E
:107D240007F10C0192000C30FBF782FED8F84430C6
:107D34007A6853F82210396043F82270274607EB1B
:107D4400860301365D613E61DEE7034B034822464C
:107D5400BA2102F0F9FA00BF400B0020540B0020B6
:107D6400030C1B04D3B90004102310F07F4F04BF8D
:107D74000002083310F0704F04BF0001043310F008
:107D8400404F04BF80000233002805DB10F0804F11
:107D940003F1010308BF2023184670470023E4E7DA
:107DA400036813F0070208D0D9071FD49A0722D515
:107DB4005B08036001221046704799B209B91B0C95
:107DC4001022D9B209B908321B0A190704BF1B09CA
:107DD4000432990704BF9B080232D90703D45B0815
:107DE40002F1010205D003601046704700221046DC
:107DF40070472022DFE79B08022203601046704789
:107E040038B5436C04460D464BB15868B0B10268AE
:107E14005A6000220123C0E90435C26038BD212222
:107E2400042102F0B1FA034660640028EDD1094B45
:107E34000948002240F2451102F086FA1C22012171
:107E4400204602F0A1FA0028F1D001220223C0E961
:107E54000123DEE7400B0020540B00202DE9F04FF6
:107E64000E691569AE4285B08846144605DB2A467C
:107E7400234635460C4616469846A3686168AF19F2
:107E8400BB42B8BF0131FFF7E9FE0190002800F0C2
:107E94008780019B03F1140909EB870AD14505D2B8
:107EA4004B46002243F8042B9A45FBD808F11408EA
:107EB40008EB860B04F11403D8451A4603EB850539
:107EC4005FD22B1B153B23F0030304331534A54267
:107ED40038BF0423CDE902A7AC461F46924605E00D
:107EE400090C29D1C34509F1040948D958F8041BE0
:107EF4008DB2002DF4D056464C46002356F8041B90
:107F040022681FFA81FE90B2090C05FB0E00120CC8
:107F1400034405FB012202EB13429BB243EA0243F2
:107F2400B44544F8043B4FEA1243E7D849F8073014
:107F340058F8041C090CD5D0D9F8003050461A461C
:107F44004C4600260588120C01FB052216449BB200
:107F540043EA064344F8043B50F8045B22682D0CC2
:107F640093B201FB053303EB164384454FEA1346F2
:107F7400E8D8C34549F8073009F10409B6D8DDE962
:107F840002A7002F02DC05E0013F03D05AF8043DAC
:107F9400002BF9D0019B18461F6105B0BDE8F08F96
:107FA400034B0448019A4FF4B17102F0CDF900BFBC
:107FB400400B0020540B002012F003032DE9F04184
:107FC4001446064632D10D46A41020D0D6F840807F
:107FD400B8F1000F33D0E3074FF0000707D4641063
:107FE40015D0D8F80000A8B18046E307F7D542467B
:107FF40029463046FFF732FFB5B16968736C6410E7
:1080040053F821202A6043F821500546E9D1284637
:10801400BDE8F081424641463046FFF71FFFC8F8ED
:10802400000007608046E0E70546D8E7013B0F4AB9
:1080340052F823200023FFF741FE0546C4E701213F
:108044003046FFF70BFE804640B1012340F2712217
:10805400C0E90432002330640360BCE7044B0548E4
:10806400424640F2451102F06FF900BFEC110020C6
:10807400400B0020540B00202DE9F0470D46144618
:108084002F69AB68496807EB62177E1C9E428046E5
:108094004FEA621904DD5B009E4201F10101FADC42
:1080A4004046FFF7DBFD8446002852D0B9F1000FAB
:1080B40000F114020EDD09F105014FEA810E1346A9
:1080C40000EB8101002043F8040B8B42FBD1AEF19D
:1080D40014031A44296905F1140314F01F0E03EB69
:1080E40081012ED0CEF1200910464FF0000A1C6801
:1080F40004FA0EF444EA0A0440F8044B53F8044B1F
:10810400994224FA09FAF2D84B1B153B23F00303D6
:10811400043305F11500814238BF0423BAF1000F7E
:1081240018BF374642F803A0D8F844306A68CCF840
:10813400107053F822102960604643F82250BDE8BD
:10814400F087043A53F8040B42F8040F9942F9D823
:10815400EAE7034B034862464FF4EF7102F0F4F888
:10816400400B0020540B00200B6984460069C01AA0
:1081740016D10CF1140C14310CEB830210B401EB86
:10818400830301E0944508D252F8044D53F8041DCA
:108194008C42F7D005D24FF0FF305DF8044B7047A6
:1081A400704701205DF8044B704700BF2DE9F84F7C
:1081B4000F691369FF1A002F0E4690467FD101F113
:1081C4001405143202EB830205EB830301E09D42A4
:1081D40078D253F8041D52F8044DA142F7D069D364
:1081E4007168FFF73BFD8146002877D03569D8F8E0
:1081F4001020C76008F1140E06F1140009F1140AE6
:1082040006F110010EEB820200EB850756464FF093
:10821400000C5EF8044B51F804BFA3B21CFA8BFCAB
:10822400ACEB03034FEA144CCCEB1B4C0CEB234C90
:108234009BB243EA0C43724546F8043B4FEA2C4C8C
:10824400E7D8A2EB0801153908F11508424521F0D9
:10825400030404F1040438BF0424204421F003027D
:1082640038BF002287425244544418D92646014656
:1082740051F8043B1CFA83FC4FEA2C4202EB1342F4
:108284001FFA8CFC4CEA02438F4246F8043B4FEA47
:10829400224CEDD8013F3F1A27F00307E21923B916
:1082A40052F8043D013D002BFAD0C9F8105048465D
:1082B400BDE8F88F334601274646984690E7F9DB38
:1082C40000278DE70021FFF7C9FC814668B1012230
:1082D4000023C9E904234846BDE8F88F064B074844
:1082E4004A4640F2452102F02FF8034B03484A4620
:1082F40040F2372102F028F8400B0020540B0020F4
:108304002DE9F043884683B0012157EC106B1546E4
:10831400FFF7A4FC0446002851D0C7F30A59C7F359
:108324001303B9F1000F01D043F48013002E01931D
:1083340018D101A8FFF734FD019A6261012200F10E
:1083440020032261B9F1000F25D0A9F2334909EBCA
:1083540003022046C3F13503C8F800202B6003B0A4
:10836400BDE8F08368460096FFF71AFD034610B394
:10837400DDE90002C3F1200102FA01F10143DA4010
:1083840061610192002AA26114BF022201222261CA
:10839400B9F1000FD9D1A3F23243C8F8003004EB8D
:1083A40082031869FFF7DCFCC0EB421320462B6004
:1083B40003B0BDE8F083009A6261019AE2E7034BDF
:1083C4000348224640F20F3101F0BEFF400B00206B
:1083D400540B002049B1FF2A02D80A7001207047CB
:1083E4008A2303604FF0FF3070470846704700BF90
:1083F4002DE9F0430E46264987B00F68044690469F
:108404001D4653B305AA3346019203212246CDF8F3
:108414000080384602F088F8059B3268984284460A
:10842400C2F10002294609D2101A1CF8013B01F8D6
:10843400013B059B634500EB0C02F6D8944224DD16
:10844400A21A0A44302301F8013B9142FBD10023D4
:108454001370284607B0BDE8F083BA6C00F123031B
:108464009A4201DDFD6CCDE700F12409F96C4A461E
:1084740038468DED020BFEF70BFC05460028E8D0CC
:10848400C7E912909DED020BBCE70A46DFE700BF87
:10849400601B0020000000002DE9F04F2DED088B3B
:1084A400D1B00C460BEE101A90460893834601F0A7
:1084B400BBFE036812931846FFF7B2F920AF109081
:1084C400082200213846FFF715F8A3891B0603D5B7
:1084D4002369002B00F0558700239FED838B9FEDCC
:1084E400849BCDE92533CDE91333CDE9153327AA90
:1084F4000E9324929246119304934446A1467E4BD4
:10850400D3F8E450FFF77AF84A4603461CA90097CB
:108514005846A847002800F0B080C0F2A6801C9AF4
:10852400252A034601D09944E9E7B9EB0405064638
:1085340040F0A78000234FF0FF328DF86730984653
:10854400069309F1010999F8003003922B2520269E
:1085540009F10109A3F120025A2A00F2CF80DFE8D1
:1085640012F0E802CD00CD00E302CD00CD00CD0035
:108574006A00CD00CD0005028402CD001002C902BC
:10858400CD00BD025B005B005B005B005B005B0039
:108594005B005B005B00CD00CD00CD00CD00CD00C5
:1085A400CD00CD005301CD0083011A0253015301C4
:1085B4005301CD00CD00CD00CD001502CD00CD007E
:1085C4009602CD00CD00CD00AB01CD00AA02CD00B6
:1085D400CD00E306CD00CD00CD00CD00CD00CD0013
:1085E400CD00CD005301CD008301DE0153015301C1
:1085F40053017702DE017F00CD008902CD005F02C6
:10860400E0062F027F00CD00AB017C00B806CD0050
:10861400CD00BD06CD007C00A3F13002002119F885
:10862400013B01EB810102EB4101A3F13002092A74
:10863400F5D906918EE7584601F0F6FD4368159387
:108644001846FFF7EDF81690584601F0EDFD8368E3
:108654001393169B002B40F02D8699F8003077E792
:1086640099F8003048F0200872E7082200213846C3
:10867400FEF740FF0123994441E7B9EB04050646A0
:1086840011D0269B2B442693259B0133072BCAE943
:10869400004525931CDC0AF1080A049B2B4404932F
:1086A400002E7FF447AF269B002B41F00B821BEE7C
:1086B400103AB3F90C3013F0400F049B18BF4FF07D
:1086C400FF330493049851B0BDEC088BBDE8F08FE0
:1086D4001BEE101A24AA584602F0E2FD0028E6D147
:1086E4000DF19C0AD9E700BF000000000000000063
:1086F400FFFFFFFFFFFFEF7FD81500200B93002B38
:10870400D1D00021CDE90C118DF8DC3001238DF896
:10871400671002930791059303910F9137AC18F0FA
:108724000203099302D0029B0233029318F08403DC
:108734000A9305D1069B029A9D1A002D00F36983C2
:10874400269A89B125990DF1670001310132CAF8E1
:10875400000007294FF0010026922591CAF8040071
:1087640000F3A2830AF1080A099B83B1259B1AA985
:1087740001330232CAF80010072B4FF0020126928F
:108784002593CAF8041000F3A3830AF1080A0A9B8C
:10879400802B00F06C82039B05995D1A002D00F379
:1087A400A58218F4807F40F00D82059BCAF804303E
:1087B4001A44259BCAF800400133072B26922593BF
:1087C40000F31B830AF1080A18F0040F05D0069B76
:1087D40002995C1A002C00F38883049B0699029882
:1087E4008142ACBF5B181B180493002A40F0B0828E
:1087F40000232593079B1BB107995846FFF712F9ED
:108804000DF19C0A4C4679E60B93089B073323F041
:108814000703B3EC028BB0EEC87BB4EE497BF1EEF8
:1088240010FA089340F3E984B5EEC08BF1EE10FA28
:1088340001F159809DF86710AB4CAC4B28F08008CF
:108844000B9A472AC8BF1C460023CDE90C330322E8
:1088540007930292059203930F9300293FF45FAFAD
:10886400029B013302935AE7432B0B9303D018F076
:10887400100F00F05D85089D0822002122A837AC66
:10888400FEF738FE22AB55F8042B2146584602F079
:10889400C1FC03460133059001F0EE82059B089567
:1088A40023EAE37302930021CDE90C118DF86710DC
:1088B400079103910F9132E70B93089B1A4600230B
:1088C4008DF86730134653F8044B0893002C00F0DE
:1088D40048850B9B532B00F0EC8618F010030C9387
:1088E40040F0E786039B5D1C01F0E5800C991A4675
:1088F400204601F09DFC0790002801F02883079B87
:108904001A1B05920C9B039322EAE2720F930D93B8
:10891400079373239DF8671002920B939DE718F059
:10892400200F0B93089B3DD0073323F007031A460F
:1089340011465B6851F8082B08911946002BC0F2C8
:108944000C84039B013300F09E8228F0800052EADD
:108954000103029040F09982039B002B40F09A821D
:10896400804600230393059350AC06E1089B53F81B
:10897400042B0692002A80F21984069A0893524224
:10898400069299F8003048F00408E1E599F80030BF
:1089940048F00808DCE548F0100818F0200F0B93A5
:1089A400089BC1D118F0100F40F00B8418F0400F51
:1089B40000F0038433F9042B0893D1170B46BDE769
:1089C400089B48F00202029253F8042B089347F6DE
:1089D4003003ADF868307820454B11930021022311
:1089E4000B900020039C8DF86700601C00F0AD80A4
:1089F400029820F0800852EA010040F0A480002C84
:108A040040F0AE86002BACD1029B13F0010305931A
:108A140000F0D18330238DF83F310DF23F14ACE0E8
:108A240018F0200F40F0D48318F0100F40F09F8608
:108A340018F0400F40F0978718F4007F00F09786F5
:108A4400089B049953F8042B089311704C4655E580
:108A540099F80030682B03BF99F8013048F4007886
:108A640009F1010948F0400872E599F800308DF8E1
:108A740067506DE599F800306C2B03BF99F801300D
:108A840048F0200809F1010948F0100860E50B934B
:108A940048F0100818F0200100F05183089B0733B8
:108AA40023F00703596853F8082B089328F48063CC
:108AB4000293002395E70B9348F010030293029B63
:108AC40013F0200100F02983089B073323F00703E8
:108AD400596853F8082B0893012382E799F800306A
:108AE40048F0800834E500BF480D00204C0D0020FC
:108AF400580D0020494611F8013B2A2B01F0498208
:108B0400A3F13002092A894698BF002101F2448169
:108B140019F8013B01EB810102EB4101A3F13002A1
:108B2400092AF5D9039115E599F8003048F00108B0
:108B34000EE59DF86730002B7FF48FAD99F8003077
:108B44008DF8676004E5CDF80880012B00F09D8165
:108B5400022B50AC20D1119802F00F031209C35C10
:108B640004F8013D42EA0172090952EA0103F3D112
:108B740050AB1B1BDDF808800593059A03989DF8FC
:108B8400671082424FF00003B8BF0246CDE90C33B0
:108B9400079302920F9360E602F00703D20842EAB9
:108BA4004172C908303352EA0105204604F8013DF8
:108BB400F2D1029AD10700F14D8250AB1B1B9046B3
:108BC4000593DAE70B9B652B40F3D480B5EE408B1D
:108BD400F1EE10FA40F0C181259BBA49CAF80010A1
:108BE400013301320121072B26922593CAF8041080
:108BF40000F351850AF1080A1B9B0E998B4280F2FF
:108C0400D082109B12991A44CAE90013259B26921C
:108C14000133072B259300F397830AF1080A0E9B6F
:108C24005C1E002C7FF7D0AD102C259B40F36E8585
:108C34001BEE106A102505E00AF1080A103C102CFE
:108C440040F364850133A0491032072BCAE90015AB
:108C5400CDE92532F0DD24AA3146584602F020FB46
:108C640000287ED1DDE925320DF19C0AE6E7069B5A
:108C740002995D1A002D7FF78EAD102D259B21DD05
:108C8400099410261BEE104A04E0103D102D0AF141
:108C9400080A16DD01338C491032072BCAE9001685
:108CA400CDE92532F1DD24AA214658460DF19C0A6E
:108CB40002F0F6FA002854D1103D102DDDE92532DA
:108CC400E8DC099C8049CAF8045001332A44072B84
:108CD400CDE92532CAF8001000F32685039B0599D7
:108CE4005D1A002D0AF1080A7FF75BAD102D259B54
:108CF4001FDD514610261BEE10AA04E0103D102D76
:108D040001F1080114DD01336F481032072BC1E96A
:108D14000006CDE92532F1DD24AA5146584602F079
:108D2400BFFAF0B9103D102DDDE9253227A9EADCA0
:108D34008A4601336449CAF804502A44072BCDE912
:108D44002532CAF8001000F3DA810AF1080A28E58E
:108D54001BEE101A24AA584602F0A2FA00283FF487
:108D640047AD079B002B3FF4A2AC07995846FEF78A
:108D740059FE9CE40E9B012B40F37A81259BCAF893
:108D84000040013301320121072B26922593CAF8B2
:108D9400041000F3F8810AF1080A109912980133BB
:108DA4000A44072BCAE90001CDE9253200F3DD812D
:108DB4000AF1080AB5EE408BF1EE10FA00F0778163
:108DC4000E990133013901340A44072BCAF80040D3
:108DD4002593CAF80410269200F35B810AF1080A6D
:108DE4001499CAF8041001330A44072B1EA9CDE9CB
:108DF4002532CAF800107FF7E5AC1BEE101A24AA3E
:108E0400584602F04DFA0028ABD1269A0DF19C0A7F
:108E1400DAE4102DDDE925122C4E24DD17941023FD
:108E24001BEE104A084604E0103D102D0AF1080A12
:108E340017DD013010320728CAE90063CDE92502A5
:108E4400F2DD24AA214658460DF19C0A02F028FAC4
:108E5400002886D1103D102DDDE925024FF01003C6
:108E6400E7DC179C014601312A440729CDE9251284
:108E7400CAF80060CAF8045000F3BD839DF8671077
:108E84000AF1080A5DE4CDF808800A2A71F10003AA
:108E940080F0458330320123DDF808808DF83F21CE
:108EA40005930DF23F1468E61BEE101A24AA5846E7
:108EB40002F0F6F900287FF454AF269A0DF19C0ACB
:108EC40052E400BF18110020CC130020880D0020AC
:108ED4001BEE101A24AA584602F0E2F900287FF487
:108EE40040AF269A0DF19C0A51E4102C259BBE4EEE
:108EF4001FDD1BEE108A102504E0103C102C0AF133
:108F0400080A16DD01331032072BCAE90065CDE9E2
:108F14002532F2DD24AA414658460DF19C0A02F09E
:108F2400BFF900287FF41DAF103C102CDDE9253279
:108F3400E8DC01332244072BCAE90064CDE9253279
:108F44007FF74BAC1BEE101A24AA584602F0A8F97E
:108F540000287FF406AF269A3FE41B99002940F3CA
:108F64005A830C9E0E9B9E42A8BF1E46002E0BDD0C
:108F7400259B01333244072BCAE9004626922593E8
:108F840000F389860AF1080A0C9D002EA8BFAD1BC8
:108F9400002D00F303820C9B18F4806F2344059387
:108FA40040F01F821B9B0E998B4203DB18F0010FCC
:108FB40000F0CF84109912980A44CAE90001259957
:108FC400269201310729259100F3A5860AF1080AA2
:108FD4000E996518CC1A059BED1AA542A8BF254623
:108FE400002D0DDDCAF80030259BCAF8045001336A
:108FF4002A44072B2692259300F3BB860AF1080A1C
:10900400002DA8BF641B002C7FF7DEAB102C259B22
:1090140040F37C831BEE106A102505E00AF1080A70
:10902400103C102C40F37283013370491032072B2B
:10903400CAE90015CDE92532F0DD24AA31465846A7
:1090440002F02EF900287FF48CAEDDE925320DF113
:109054009C0AE5E7302B3FF48BAD3023023804F84B
:10906400013C50AB1B1ADDF808800593044684E5E7
:1090740018F0010F7FF482AE259BCAF8004001333B
:1090840001320121072B26922593CAF804107FF799
:10909400A5AE1BEE101A24AA584602F001F90028C6
:1090A4007FF45FAEDDE925320DF19C0A98E60E9956
:1090B4004C1E002C7FF794AE102C40F361831BEE02
:1090C400106A102505E00AF1080A103C102C40F340
:1090D4005783013345491032072BCAE90015CDE9FE
:1090E4002532F0DD24AA3146584602F0D9F800288A
:1090F4007FF437AEDDE925320DF19C0AE5E71BEE7E
:10910400101A24AA584602F0CBF800287FF429AE9E
:10911400269A0DF19C0AFFF744BB029B13F010033F
:1091240040F0C180029A12F0400200F07A8308985D
:1091340050F8042B0890194692B2012351E418F018
:10914400100355D118F0400200F05D83089850F8E0
:10915400042B0890194692B2A8E4524261EB4101F3
:10916400CDF808802D2001233CE41BEE101A24AA1C
:10917400584602F095F800287FF4F3ADDDE9253276
:109184000DF19C0A16E61BEE101A24AA584602F0AA
:1091940087F800287FF4E5ADDDE925320DF19C0A5E
:1091A400FBE518F0010F3FF40FAB2AE5089399F89B
:1091B4000030FFF7CDB950ACDFE418F4007F40F085
:1091C400DB8353F8042B0893D1170B46FFF7B6BB88
:1091D400089B049853F8041B0893C217C1E90002C2
:1091E4004C46FFF78BB900BF880D0020CC1300203C
:1091F400089B53F8042B089358E4B4EE488BF1EE23
:1092040010FA80F194860B9B612B00F05285412B60
:1092140000F0C085039B01330B9B23F0200500F075
:109224008084472D04D1039B002B08BF01230393A3
:1092340018EE903A002B48F480724646C0F2188625
:10924400B0EE48AB00239046099307930B9B413B38
:10925400252B00F29883DFE813F06F04960396033E
:10926400960368046C049603960396039603960388
:109274009603960396039603960396039603960322
:109284009603960396039603960396039603960312
:109294009603960396039603960396039603960302
:1092A400960368046C04089B53F8042B0893012369
:1092B400FFF797BB139B002B3FF4CFA9139B1B789D
:1092C400002B3FF4CAA999F8003048F48068FFF7EE
:1092D4003FB90B93CDF80880FFF7F1BB0B939A4B82
:1092E400119318F0200100F00581089B073323F047
:1092F4000703596853F8082B089318F0010F0AD094
:1093040052EA010307D00B9B8DF86930302348F0F3
:1093140002088DF8683028F4806302930223FFF773
:1093240060BB0B93FFF7B6BB0B93884B1193D8E745
:10933400089B012153F8042B02918DF8DC2008933B
:10934400059137ACFFF7AFBA1BEE101A24AA5846A2
:1093540001F0A6FF00287FF404AD269A0DF19C0AC3
:109364005DE4039B0794062B224628BF062303943F
:109374002146CDE90C22764C029305930F92FFF718
:109384006CBA40215846FDF7BBF9206020610028E3
:1093940000F00F8640236361FFF79EB8102D259BD4
:1093A40040F35D82514610261BEE10AA04E00831FA
:1093B400103D102D40F35282013366481032072BC2
:1093C400C1E90006CDE92532F1DD24AA514658460B
:1093D40001F066FF00287FF4C4ACDDE9253227A93B
:1093E400E6E70E9BCDF82490E31803930D9BCDF88C
:1093F4002880139E059DDDF85890DDF83C800B9481
:109404001BEE101A5046002B34D0B8F1000F35D1A2
:109414000D9B013B013E0D93159BC0E90039259B33
:1094240001334A44072B269225936CDC0830039BB6
:1094340096F800C05B1B6345A8BF6346002B9A46A1
:109444000CDD259C01341A44072CC0E900532692F4
:10945400259400F3778196F800C00830BAF1000F24
:10946400ACBFACEB0A046446002C0ADC65440D9BDB
:10947400002BCAD1B8F1000F00F0AC8308F1FF381B
:10948400CAE7102CDDF894C024DD05954FF0100ACE
:1094940063460D4604E0103C102C00F1080016DD74
:1094A40001332C491032072BC0E9001ACDE92532CB
:1094B400F1DD24AA2946584601F0F2FE00287FF483
:1094C40050AC103C102CDDE9253227A8E8DC2946F5
:1094D400059D9C460CF1010322444460072B1D4C5E
:1094E4000460CDE9253200F3C68396F800C0083045
:1094F4006544BCE718F0100300F0C280089B53F8E1
:10950400042B0893F9E624AA5846059101F0C8FEF5
:1095140000287FF426AC269A059927A887E70298A5
:10952400CDF81CA050AC00F4806000250AEE10BAFF
:10953400094BDDF84CA0CDF81490A3464FF0050874
:10954400AC46044610E000BF580D00206C0D00200E
:10955400800D0020CC130020CDCCCCCC0A2A71F194
:10956400000136D34A463146501840F10000A3FBAF
:10957400005626F0030505EB9605401B151A4FF01F
:10958400CC3661F1000E06FB05F6A5FB039503FB43
:109594000E6609F0010E2E44AEFB085E2D184FEA4C
:1095A400590930350BF8015C49EAC6790CF1010C14
:1095B4000BF1FF3B7608002CD0D09AF800008445CC
:1095C400CCD1BCF1FF0FC9D00A2A71F1000180F09F
:1095D4008F815C4650AB1B1BDDF81490CDF84CA07A
:1095E4001AEE10BADDF81CA0DDF80880CDF838C0FA
:1095F4000593FFF7C2BA1BEE101A24AA584601F0CD
:109604004FFE00287FF4ADAB9DF86710269A0DF14C
:109614009C0AFFF796B8259BBE48CAF800000133A0
:1096240001320120072B26922593CAF8040000F387
:1096340077810AF1080A002940F0AF800E9908F0FA
:1096440001030B433FF4C0A8109B12991A44CAE9C2
:109654000013259B26920133072B259300F3528296
:109664000AF1080A0E99CAF8004001330A44072B8C
:10967400CDE92532CAF804107FF7A4A8FFF7BDBBD3
:1096840018F0400200F0DD80089850F8042B089090
:10969400194692B231E61BEE101A24AA584601F07C
:1096A400FFFD00287FF45DAB269A0DF19C0AFFF7BD
:1096B400A3BA22AE0822002130461D94FDF71AFFFA
:1096C400039B5A1C00F0DB800025CDF80890CDF8F0
:1096D4001C809946A8460CE037A9584601F09AFD2B
:1096E400431C404400F0C883484508DC00F018845B
:1096F40080461D9A525933460435002AECD1CDF8E0
:109704001480DDF80890DDF81C80C5E0013382493F
:10971400CAF804402244072BCAF80010CDE92532C8
:109724007FF750A8FFF769BB1BEE101A24AA58460E
:1097340001F0B6FD00287FF414AB269A0DF19C0AC3
:10974400FFF729B824AA5846059101F0A9FD00287D
:109754007FF407AB96F800C0269A059927A87DE602
:10976400012BCDF808807FF4F3A9FFF793BB089B86
:10977400049953F8042B4C4611600893FEF7BEBEBF
:1097840001336549CAF804402244072BCDE9253248
:10979400CAF800107FF722AB7BE4109B12981A449E
:1097A400CAE90003259B26920133072B259300F376
:1097B400A9810AF1080A0029BFF654AF4D421031BD
:1097C40080F20F831BEE101A102605E00AF1080A36
:1097D400103D102D40F3058301334F481032072B01
:1097E400CAE90006CDE92532F0DD24AA58460391E2
:1097F40001F056FD00287FF4B4AADDE9253203996F
:109804000DF19C0AE4E7089B18F400711ABF114695
:1098140053F8042B53F8042B089318BFD2B2FFF764
:1098240045B9029B13F40071089B1ABF114653F803
:10983400042B53F8042B089318BFD2B20123FFF76B
:10984400D0B8089B18F400711ABF114653F8042BC2
:1098540053F8042B089318BFD2B24EE58A4601335D
:109864002D49CAF804502A44072BCDE92532CAF8F9
:10987400001000F339810AF1080AFFF78CBB0023BA
:10988400194600961DAA584601F0EAFC0346013326
:10989400059000F0F1821D94059B002B4ED0632BA4
:1098A40000F318810023079337AC082200213046C7
:1098B400FDF720FE059D00962B461DAA214658461D
:1098C40001F0CEFC854240F07C83059A0023A3542A
:1098D40022EAE272CDE90C339DF8671003930292F9
:1098E4000F93FEF7BABF2D218DF86710FEF7A4BFC2
:1098F400169B1599ABEB030B1A465846FDF74CFE25
:109904009AF80120054B0AB10AF1010A4FF0000C44
:1099140028E600BF18110020CC130020CDCCCCCCFD
:109924001BEE101A24AA584601F0BAFC00287FF452
:1099340018AA1B99269A0DF19C0A7CE6059B9DF8B2
:1099440067100F93CDE90233CDE90C330793FEF78B
:1099540084BF0E99059865182D1ACC1AA542A8BF84
:109964002546FFF74DBB089B049953F8042B089335
:1099740011804C46FEF7C2BD13F9042B0893D1178E
:109984000B46FEF7DBBF039A022122AB01931DAB0A
:10999400009358461BABB0EE4A0B029200F0C4FD94
:1099A400472D029A044600F06181462D104405D1EA
:1099B4002378302B00F06F821B9A1044B5EE40AB35
:1099C400F1EE10FA40F0468103461B1B0E93472D1F
:1099D40000F01081462D00F0B5811B9B0C930C9B6D
:1099E400412D03F1FF331B9300F0E5819DF82C20FA
:1099F4000021002BB8BF0C9B8DF87820BABFC3F1AF
:109A040001032D222B22092B8DF8792040F3DA81D2
:109A14000DF18F05DFF81CC42A4610468CFB032188
:109A2400DA17C2EBA10202EB8201A3EB4101303150
:109A340000F8011C19466329134600F1FF32ECDCDF
:109A44003033D9B2831E9D4202F8011C40F28B824E
:109A540013460DF17A0201E013F8011B02F8011B11
:109A64009D42F9D10DF191030DF17A021B1A1344B1
:109A74001EAA9B1A14930E9B149A012B1A44059246
:109A840040F30382059B109A1344059326F48063E4
:109A9400059A43F480780023CDE90C3322EAE2727C
:109AA4000F930292099B002B40F0B1809DF8671040
:109AB4000393FEF7D2BE2046FDF7B2FE02460590A0
:109AC400FEF720BF1BEE101A24AA584601F0E8FB4B
:109AD400FEF7EDBD591C5846FCF712FE044600285B
:109AE40000F0CA810790E0E61BEE101A24AA58463B
:109AF40001F0D6FB00287FF434A9269A0DF19C0AC4
:109B0400FFF749BA1BEE101A24AA584601F0C8FB05
:109B140000287FF426A9DDE925321B990DF19C0A62
:109B240049E606230393FFF783BB039B02215A1CD8
:109B34002BE7039A032128E71BA8B0EE4A0B00F099
:109B4400C7FBB4EE007B20EE070BB5EE400BF1EE45
:109B540010FA01D101231B93B348039BB3EE005BBE
:109B6400013B224604E0B5EE400BF1EE10FA13D0AF
:109B740020EE050BFDEEC07BB3F1FF3F17EE901A0C
:109B8400415CB8EEE76B944630EE460B02F8011BDD
:109B9400194603F1FF33E6D1B6EE006BB4EEC60B03
:109BA400F1EE10FA00F34881B4EE460BF1EE10FA30
:109BB40004D117EE903ADB0700F13E81002906DB61
:109BC4004B1C1344302102F8011B9342FBD1131B9D
:109BD4000E93FCE60B9C0E9BDDF82490DDF82880A8
:109BE4001396E3189D42294628BF194682460591DB
:109BF400FFF7D8B91B9B0C93DA1C02DB039A934240
:109C04000CDD0B9B023B0B9323F02005E7E62D2193
:109C140000238DF867100393FEF722BE0C9B0E9A67
:109C24009342C0F2BD80F0070C9B40F13281109A40
:109C340013440593710503D50C9B002B00F3358168
:109C4400059B23EAE373029367230B9300230F938B
:109C54000D9327E7229B8342BFF4B7AE30215A1CF1
:109C640022921970229B9842F9D8AEE6F30700F1CC
:109C7400A780229BA9E624AA5846059101F010FB6F
:109C840000287FF46EA896F800C0269A059927A8A4
:109C94006544FFF7ECBB1BEE101A24AA584601F0EA
:109CA400FFFA00287FF45DA8269A0DF19C0AFFF7BD
:109CB4006BB978238DF8693030238DF86830039BB5
:109CC400632B48F0020600F3A6800023079337AC09
:109CD40018EE903A002B48F481782BDBB0EE48ABB9
:109CE4000B9B23F02005002309930B9B612B7FF42E
:109CF400ADAAB0EE4A0B1BA800F0EAFAB4EE007B62
:109D040020EE070BB5EE400BF1EE10FA01D1012362
:109D14001B93464821E71BEE101A24AA584601F06B
:109D2400BFFA00287FF41DA81B9B269A0DF19C0AFC
:109D3400FFF74EB90B9B23F020052D230993B1EEB9
:109D440048ABD2E71B9A0C92002A06F0010340F3B9
:109D54000D8103990B4340F0CF800C9B0593662340
:109D64000B93720500F1A380059B23EAE37302932E
:109D74006CE71BEE101A24AA584601F091FA002849
:109D84007EF4EFAF1B9C0E9B269A1C1B0DF19C0AC4
:109D9400FFF736B958238DE700220392FEF7DABBAA
:109DA4000E9B109A9A180C9B0592002B40F3AB80E3
:109DB40067230B93D5E70B9A0F32D2B2012118E631
:109DC400A018FBE5002940F0A88030228DF87A2005
:109DD4000DF17B02303302F8013B1EABD31A14930E
:109DE40049E601331249CAF804502A44072BCDE945
:109DF4002532CAF800107FF733AC1BEE101A24AAE0
:109E0400584601F04DFA00287EF4ABAFDDE9253267
:109E14000DF19C0A26E4591C5846FCF771FC0446D3
:109E240050B3079054E700BF6C0D0020580D00207C
:109E3400CC13002067666666CDF888C012F8011C52
:109E440090F80FC0614513460AD14FF0300E03F865
:109E540001EC229B591E229113F8011C8C45F6D06B
:109E6400392916BF0131817AC9B203F8011CAEE663
:109E740000239046079360E71BEE102AB2F90C30DA
:109E840043F040039381FEF716BCF5077FF5FEAD62
:109E9400F8E50593CEE6B5EE40ABF1EE10FA3FF4EB
:109EA4008BADC2F101021B9287E567230B931399D3
:109EB4000B78FF2B79D000250C9A284603E001305B
:109EC4000131FF2B08D0934206DAD21A4B78002BCB
:109ED400F5D10B780135F4E70C9213910D900F95A1
:109EE4000F9A0D9B16991344059A01FB03230593BE
:109EF40023EAE3730293D5E5109BD3181944662330
:109F040005910B932DE7C3F101031A4422EAE2738E
:109F14000293672305920B9398E60DF17A0259E7B1
:109F2400039BDDF80890DDF81C800593B4E418EE7B
:109F3400903A002BB4BF2D219DF86710254C264B79
:109F4400B8BF8DF8671028F08008FEF779BC039B32
:109F54000293059373239DF8671003900F900D905F
:109F64000B93FEF77ABC0223149384E5039A1343FC
:109F740005D10123662202930B92059366E6109B9A
:109F840001331A4422EAE2730293662305920B9387
:109F94005CE6089A99F80130894652F8041B089245
:109FA40041EAE1710391FEF7D3BA00230F930D93B5
:109FB40096E70C23CBF800304FF0FF330493FEF701
:109FC40081BB1BEE102A938943F040039381FEF773
:109FD400C8BE00BF500D0020540D002070B50029EC
:109FE4004BD006460C4610B1436B002B48D0636E31
:109FF400D80734D5B4F90C30002B3ED02146304676
:10A0040000F050F8E36A054633B1E16930469847F9
:10A014000028B8BF4FF0FF35A3891A063CD4216B42
:10A0240041B104F14003994202D03046FDF7FAFCF5
:10A0340000232363616C21B13046FDF7F3FC002358
:10A044006364FDF721F9636E0022DB07A2811FD54B
:10A05400A06DFDF76BFBFDF71DF9284670BDA389C4
:10A064009905CBD4A06DFDF763FBB4F90C30002B3C
:10A07400C4D1656E15F0010505D00025284670BDD4
:10A08400FDF7E4F8B3E7A06DFDF754FB284670BD77
:10A09400A06DFDF74FFBDBE721693046FDF7C2FCFD
:10A0A400BDE700BFB1F90C202DE9F0410C461107C2
:10A0B400804647D4636842F40062002BA2815EDDCF
:10A0C400A56A002D58D00023D8F80060C8F80030E5
:10A0D40093B212F4805256D10123E1694046A84755
:10A0E400431C67D0A389A56A5F0705D56368C01AB6
:10A0F400236B0BB1E36BC01AE169024600234046AF
:10A10400A847411C41D1D8F80030002B3DD01D2B6D
:10A1140001D0162B56D1A3892269226023F400634F
:10A1240000216160A381216BC8F8006021B304F1B0
:10A134004003994202D04046FDF774FC002020639E
:10A14400BDE8F0812669BEB193B2256826609A07FE
:10A154000CBF63690023AD1BA3600BE02B463246A2
:10A16400E169676A4046B847B0F1000CA5EB0C05FD
:10A17400664417DD002DF1DC0020BDE8F081E36BBF
:10A18400002B9DDCF8E7206DAEE7B4F90C302269B2
:10A19400226023F40063A3810022DB046260C2D541
:10A1A4002065C0E7A38943F040034FF0FF30A3814B
:10A1B400BDE8F081D8F80030002B93D01D2B06D0D9
:10A1C400162B04D0A38943F04003A381D5E7C8F834
:10A1D4000060D1E738B50C46054608B1436B03B3BC
:10A1E400B4F90C0088B1636EDB0701D481050FD587
:10A1F40028462146FFF756FF636EDA07054602D468
:10A20400A3899B0508D5284638BD0546284638BD90
:10A21400A06DFDF78DFAEBE7A06DFDF78BFA2846EC
:10A2240038BDFDF713F8DBE700487047C816002077
:10A2340001F0FF01102A2BDB10F0070F08D010F8F3
:10A24400013B013A8B422DD010F0070F42B3F6D1F7
:10A25400F0B441EA012141EA014122F007047FF010
:10A2640000070023F0E80256083C85EA010586EA67
:10A27400010685FA47F5A3FA87F586FA47F6A5FAA3
:10A2840087F68EB9EED1F0BC01F0FF0102F00702AF
:10A2940032B110F8013B013A83EA010313B1F8D15A
:10A2A4000020704701387047002D06BF354603383B
:10A2B400073815F0010F07D1013015F4807F02BF74
:10A2C400013015F4C03F0130F0BC0138704700BFC5
:10A2D40030B482B08DED000B019A194C22F000438A
:10A2E4000021A342016021DC009C1C431ED0154CBC
:10A2F400144054B99FED107B20EE077B8DED007B5D
:10A30400019A6FF0350122F0004322F0FF42DDE9AB
:10A31400004522F4E00242F07F551B1545F4001578
:10A32400A3F2FE33CDE900450B4403609DED000B21
:10A3340002B030BC704700BF000000000000504372
:10A34400FFFFEF7F0000F07F00B50B4C256814463B
:10A35400EE681A4685B003460D464CB10749009590
:10A36400CDE901143046064900F086FFF9F778FF7D
:10A3740004490C46F3E700BF601B0020000B0020DB
:10A38400100B0020E405002038B5A1FB02148CBB9F
:10A39400FCF7B6F90546E0B150F8042C22F00302AC
:10A3A400043A242A17D8132A1AD91B2AC0E90044CC
:10A3B4001DD9242A14BF00F1100200F118024FF035
:10A3C4000003C0E9024404BF04614461C2E90033EC
:10A3D4009360284638BD2146FDF78CF8284638BDE1
:10A3E40002460023C2E900339360284638BD00F1D9
:10A3F4000802F6E7FDF76EF90C2300250360E8E791
:10A404002DE9F04F03690C69A34283B0C0F2878041
:10A41400013C01F11405A30000F11408009355F860
:10A42400243058F82420013381469A4208EB8400F2
:10A4340005EB84070190B2FBF3F63BD34FF0000C1D
:10A44400AE464046E24663465EF804BB02681FFA25
:10A454008BFC06FB0C334FEA134C4FEA1B4B06FBF9
:10A464000BCC9BB2AAEB03031FFA8CFA13FA82F308
:10A47400CAEB124202EB23429BB243EA0243774502
:10A4840040F8043B4FEA224A4FEA1C43DCD2009BCB
:10A4940058F8033073B9019B043B984504D307E093
:10A4A400984504F1FF3403D253F80429002AF7D065
:10A4B400C9F810404846FDF757FE00282BDB01364B
:10A4C4004146002355F8040BD1F800C082B29A1A11
:10A4D400030C12FA8CF2C3EB1C4303EB224392B23B
:10A4E40042EA0342AF4241F8042B4FEA2343E9D244
:10A4F40058F8242008EB84036AB9043B984504D334
:10A5040007E0984504F1FF3403D253F80429002AE4
:10A51400F7D0C9F81040304603B0BDE8F08F0020F2
:10A5240003B0BDE8F08F00BF2DE9F04F2DED028B95
:10A534008FB08DED020B0191816B1A9D059357EC41
:10A54400106B0446934641B1C26B4A6001239340A9
:10A554008B60FDF7A9FB0023A363B7F10008B4BF28
:10A56400012300232B60BE4BBCBF28F00048CDF86C
:10A574000C8033EA080300F09F809DED028BB5EE5A
:10A58400408BF1EE10FA11D1059A012313601B9B45
:10A59400002B00F03F82B34B1B9A1360013B0093E6
:10A5A40000980FB0BDEC028BBDE8F08F0CAA0DA98A
:10A5B4002046B0EE480BFDF7A3FE5FEA18530546AC
:10A5C40040F09280DDE90C130B4403F23242202A5E
:10A5D40040F3FA82C2F1400208FA02F803F212428E
:10A5E400D64048EA060207EE102AB8EE477B581E0A
:10A5F40017EE906A53EC172B4FF0010AA6F1F8738B
:10A604009FED913B9FED927B9FED935B06EE900A4D
:10A6140043EC122BB8EEE64BB7EE086B32EE466B0A
:10A62400A6EE037BA4EE057BFDEEC76BB5EEC07B07
:10A63400F1EE10FA16EE907A08D5B8EEE66BB4EEA9
:10A64400476BF1EE10FA18BF07F1FF37162F00F22F
:10A654004581854B03EBC70393ED007BB4EEC78BB9
:10A66400F1EE10FA57D5091A0023B1F1010807F1E8
:10A67400FF370A9300F1398100230693002F52DA41
:10A68400069B0497DB1B06937B420893019B092BD3
:10A694004FF000074ED8052B40F39D82043B0193F5
:10A6A4000026019B9A1E032A00F22581DFE812F09E
:10A6B400AA03A7039D037E03059AC8F3130842F275
:10A6C4000F7358EA060813601ED11B9B002B00F081
:10A6D4009185664B009308331B9A009813600FB062
:10A6E400BDEC028BBDE8F08F18EE906AC6F313063A
:10A6F400A3F2FF3053EC182B46F07F530C994FF024
:10A70400000A43F440137BE71B9B002B40F03B8380
:10A71400574B009344E7091A0023B1F101080A9347
:10A7240000F1E380069300230893019B0497092B0F
:10A73400B844B0D900230126019307964FF0FF399E
:10A744009B460021E163CDF82C902046FDF786FA64
:10A754000090002800F04085009BA363B9F10E0F20
:10A7640000F2DC80002E00F0D980049B002B40F323
:10A77400DE833D4A03F00F0102EBC10292ED007B40
:10A784001A11DB0540F182833A4991ED086B02F01E
:10A794000F02032088EE065B5AB13649D60704D56A
:10A7A40091ED006B013027EE067B521001F1080198
:10A7B400F4D185EE076B0A9B3BB1B7EE007BB4EE98
:10A7C400C76BF1EE10FA00F1AE8407EE900AB8EE12
:10A7D400E75BB1EE0C7BA5EE067B17EE902A51ECFD
:10A7E400170BA2F15071B9F1000F00F08883049E99
:10A7F4004A46079B002B00F04784B6EE003B1A4BF9
:10A80400FDEEC64B03EBC20CB8EEE47B36EE477BA1
:10A814001CED026B83EE065B41EC160B14EE900A02
:10A8240035EE465B0099B4EEC75B3030F1EE10FABA
:10A8340001F8010B00F3AC84B7EE002BB2EE044B2D
:10A844004FF0000C31E000BF61436F63A787D23F34
:10A85400B3C8608B288AC63FFB799F501344D33F0B
:10A864000000F07F19110020E8020020DC0C002019
:10A87400E80C0020C00200200CF1010C94454DDAD4
:10A8840027EE047B25EE045BFDEEC76B16EE903AD3
:10A89400B8EEE63B303337EE437BB4EEC57BF1EEE6
:10A8A40010FA01F8013B00F1738432EE476BB4EE09
:10A8B400C56BF1EE10FADFD5009A049602E08A42E5
:10A8C40000F05084894611F8013D392BF7D001334B
:10A8D400DBB20B70049B0133049355E1091A012385
:10A8E400B1F101080A937FF5C7AEC1F101030693E4
:10A8F4004FF00008C2E60026E66331462046FDF725
:10A90400ADF90090002800F06784009BA3634FF02A
:10A91400FF330B9399460123B34607930D9A002AFC
:10A9240055DB04990E2952DCB74BBBF1000F03EB46
:10A93400C10393ED006B15DAB9F1000F12DC40F09E
:10A94400F282B1EE047B26EE077BB4EEC78BF1EE08
:10A9540010FACA464E4600F26D82DDF800806FEAB6
:10A964000B0B70E288EE067BBDEEC77B009917EEF9
:10A97400103AB9F1010F03F13003B8EEC75B01F8E7
:10A98400013BA5EE468B00F03483B2EE044B012369
:10A9940011E088EE067BBDEEC77B013317EE102A6B
:10A9A4004B4502F13002B8EEC75B01F8012BA5EE6E
:10A9B400468B00F01E8328EE048BB5EE408BF1EE3F
:10A9C40010FAE6D1049B013304938946DCE0079B2B
:10A9D40043B3019B012B40F37682089B09F1FF3AB4
:10A9E400534580F23F82089BCDF820A0AAEB0302D6
:10A9F40017444FF0000AB9F1000FC0F22583069BFB
:10AA040009934B44C844069301212046FDF7F8F905
:10AA140006460CE07D4B009300980FB0BDEC028B12
:10AA2400BDE8F08F069BDDF820A0079E0993099BE3
:10AA34006BB1B8F1000F0ADD434506991A46A8BF69
:10AA44004246891A9B1A06910993A8EB0208089BAF
:10AA540063B1079B002B00F0A782BAF1000F00F34B
:10AA64000482089BB3EB0A0240F0FF8201212046D6
:10AA7400FDF7C6F9002F824600F3AF80019B012B3E
:10AA840040F38781002308930120002F40F0B18018
:10AA9400404410F01F0000F07A81C0F12002042A23
:10AAA40000F3888040F0F681069B002B05DD2946E3
:10AAB4001A462046FDF7E0FA0546B8F1000F05DD19
:10AAC400514642462046FDF7D7FA82460A9B002BA0
:10AAD40040F03F81B9F1000F40F32581079B002B23
:10AAE40040F0A380049B01330493DDF80080012728
:10AAF40007E0294600230A222046FDF7DFF8013744
:10AB0400054651462846FFF77BFCB94500F1300065
:10AB140008F8010BEDDCB9F1000F009ACCBFCB466D
:10AB24004FF0010B03469344002729460122204697
:10AB34000193FDF7A1FA51460546FDF715FB0028E0
:10AB440040F3AF811BF8013C009A0BF1FF3B04E09A
:10AB54005A4500F0B1811BF8013D392B0BF1010975
:10AB6400F6D001338BF8003051462046FDF79CF8AF
:10AB740056B12FB1B74203D039462046FDF794F8B9
:10AB840031462046FDF790F829462046FDF78CF81B
:10AB9400002389F80030DDE904231A601B9B002B95
:10ABA4003FF4FEAC0098C3F800900FB0BDEC028BEC
:10ABB400BDE8F08FC0F11C00069B03440693099B7B
:10ABC4000344099380446FE7C2F1200206FA02F2BB
:10ABD40007EE102A09E5012663E501463A462046B8
:10ABE400FDF7EAF9019B012B824640F3C58100235E
:10ABF4000893DAF810200AEB82021069FDF7B0F826
:10AC0400C0F1200044E700BFE80200201811002032
:10AC1400314600230A222046FDF750F80B9B002BF7
:10AC2400064640F3CE8204979946099B002B05DD26
:10AC340031461A462046FDF71FFA0646089B002BAC
:10AC440040F0EB81B046029B009F03F001027B1EA3
:10AC54004B440893019B0A92134309935146284697
:10AC6400FFF7CEFB314683462846FDF77DFA424680
:10AC7400514681462046FDF799FAC26801460BF118
:10AC84003003002A42D1CDE906032846FDF76CFAC9
:10AC9400069902902046FDF707F8029A079B1AB915
:10ACA4000999002900F07E82B9F1000FC0F2838176
:10ACB400019949EA01090A9951EA090900F07B81DD
:10ACC400002A00F3C681089A3B7007F101099742F4
:10ACD400CB4600F0C481294600230A222046FCF713
:10ACE400EDFF4645054631464FF000034FF00A029A
:10ACF400204612D0FCF7E2FF4146064600230A2212
:10AD04002046FCF7DBFF4F468046A7E72046029328
:10AD1400FCF7CAFF029B0122C6E7FCF7CFFF4F46B0
:10AD2400064680469AE7019B022B71DC079B002BA9
:10AD34007FF47BAF049B5146013328460493FFF70D
:10AD44005FFBDDF800B000F130030BF8013B002796
:10AD5400EBE651462846FDF707FA0028BFF6BAAEDF
:10AD6400294600230A222046FCF7A8FF049B5F1E05
:10AD7400079B0546002B7FF44BAF0B9B002B40F346
:10AD840018829946B1E6BC4B00930333A4E41C201B
:10AD940012E7DDE9020100287FF474AEC1F3130267
:10ADA400002A00F0F480029B08936DE601230793C8
:10ADB400049B5B4403F10109B9F1010FCC460B93E9
:10ADC400B8BF4FF0010C0021BCF1170FE1637FF70E
:10ADD400BCAC01200422520002F114036345014675
:10ADE40000F10100F7D9E163AFE401230793BBF15C
:10ADF400000F52DDCDF82CB0D946DC46E3E7002342
:10AE04000793D5E700230793F1E7DDF82C90049727
:10AE1400B9F1000F7FF4A1AD51464B4605222046FF
:10AE2400FCF74CFF014682462846FDF79DF90028B1
:10AE34007FF793AD049B03F1010B009B31229846ED
:10AE440003F8012B009351462046FCF72DFF0BF12C
:10AE54000103DDF800900493CDF80080002E7FF408
:10AE64008FAE91E6A3EB0A0AC5E531465246204669
:10AE7400FDF7A2F82A46014606462046FCF7EEFFF7
:10AE8400294605462046FCF70FFFEAE50220B0EE0E
:10AE9400485B81E4C0F13C008EE64FF0010BD946DB
:10AEA4004FE403D1019BDB073FF54CAED9461BF8B9
:10AEB400013D302BFAD057E6049B009A01330493EA
:10AEC4003123137050E6BAF1000F00F0238102F22F
:10AED4003342069B09931344DDF820A00693904463
:10AEE40092E507EE900AB1EE0C5BB8EEE77BA6EEB6
:10AEF400075B15EE902A51EC150BA2F1507141EC51
:10AF0400150BB1EE047B36EE477BB4EEC57BF1EE58
:10AF140010FA00F33781B1EE455BB4EEC57BF1EE78
:10AF240010FA7FF5FBAC4FF0000A564615E500F029
:10AF3400F580049B51495A4202F00F0001EBC00115
:10AF440091ED006B121128EE066B00F04281B0EE19
:10AF5400467B4B4900260220D30705D591ED005BC3
:10AF64000130012627EE057B521001F10801F3D1CF
:10AF7400002E06FE076B1EE4029B002B7FF437AE07
:10AF8400DDE90201C1F31302002A40F037813D4A92
:10AF94000A40002A00F0FA80069B0133069301233D
:10AFA40008F1010808936FE52946089A2046FDF741
:10AFB40003F805465AE5002A12DD294601222046F7
:10AFC4000193FDF759F851460546FDF7CDF80028E1
:10AFD400019B40F3E180392B00F0CA800BF131036F
:10AFE400B94609F8013B049B0133374604934646AE
:10AFF400BAE538EE088BB4EEC68BF1EE10FA0ADC33
:10B00400B4EE468BF1EE10FA7FF4DCAC17EE103A96
:10B01400D8077FF5D7AC009A54E471682046FCF752
:10B024001DFE0746002800F0DE80336902339A00D3
:10B0340006F10C010C30F8F7FBFC394601222046DE
:10B04400FDF71AF88046FEE5069BA3EB0903099376
:10B05400DAE4392B00F08C80B9460133C1E7049A55
:10B0640001323746049246465FE529462046FCF7FE
:10B07400A3FF0546FAE400BFE80C0020E802002024
:10B08400C00200200000F07F5E4BFDEEC65B03EBC8
:10B09400C20C1CED023BB8EEE57B36EE477B41EC7F
:10B0A400160B15EE901A23EE063B00983031012A58
:10B0B40000F8011B00F08380B2EE044B009B99184A
:10B0C40027EE047BFDEEC76B16EE903A303300F8A2
:10B0D400013B8142B8EEE65B37EE457BF0D1B6EE3C
:10B0E400006B33EE065BB4EEC75BF1EE10FA3FF58E
:10B0F400E3AB36EE436BB4EEC76BF1EE10FA7FF7B9
:10B104000DAC8946013919F8013C302BF9D0731C78
:10B11400049339E50C9AC2F13602DAE60220B0EE65
:10B12400486BFFF748BBB9F1000F3FF4DAAE0B9A56
:10B13400002A7FF7F3ABB2EE044B26EE046B01302A
:10B1440007EE900A049BB8EEE75BB1EE0C7BA6EE2B
:10B15400057B17EE90CA51EC170B5E1EACF15071D3
:10B16400FFF747BB049B013304933123FFF7B1BBC3
:10B17400049BBB4601330493392337460BF8013B48
:10B184004646E1E44FF0000A564653E608927BE453
:10B19400731C04938946F7E47FF422AFDA077FF542
:10B1A4001FAF18E7392BE3D0B9F1000F3FF716AF03
:10B1B40016E7019B022B3FF728AE0497BAE5014638
:10B1C4008DE7019B022B3FF720AEDDF82C9004970E
:10B1D4002BE50220FFF7EFBA0B4B0C48002240F29C
:10B1E400AF11FFF7B1F8084B08483A4640F2EF2197
:10B1F400FFF7AAF8064B0093FFF7D2B9029B089316
:10B20400F7E400BFE8020020400B0020EC0C002013
:10B21400DC0C002070B5054684B05BB11C4669B1F6
:10B224000E4B2846D3F8E0602346B047431C0FD0AA
:10B2340004B070BD00F582740029F1D1074A234699
:10B24400D2F8E06028460A4601A9B047431CEFD172
:10B2540000228A2322602B6004B070BDD815002020
:10B2640010B582B0049CCDE900344FF0FF3301F0F7
:10B27400C7FB02B010BD00BF0EB410B583B005AB60
:10B28400064C53F8042B01930146206800F0C4F8DF
:10B2940003B0BDE8104003B0704700BF601B00203E
:10B2A4002DE9F04F9368176883B09246002B70D055
:10B2B40081468A6808680C46083743E0A38913F47A
:10B2C400906F2ED0D4E90416A0EB010806EB4606D5
:10B2D40006EBD67608F1010076102844B0423246D7
:10B2E40084BF064632465B0537D511464846FBF710
:10B2F40007FA019000283AD042462169F8F798FBF2
:10B30400A289019B22F4906242F08002A281A6EB02
:10B31400080203EB08006661A260236120602E46E8
:10B32400A84642465946FCF769F8DAF80830A2689C
:10B334002068921B40445B1BA2602060CAF808305E
:10B344003BB3083757E902B5002DFAD0AA42164696
:10B354009046B3D92E46A846E3E74846FBF798FC47
:10B3640003460028D3D121694846FCF75BFBA38937
:10B374000C2243F04003C9F800204FF0FF30A381B2
:10B3840000220023CAF80820CAF8043003B0BDE83C
:10B39400F08F00200023CAF8043003B0BDE8F08F1A
:10B3A4002DE9F84F4B6E9C0490462DD59368126896
:10B3B40043B38B46064602F1080959E9025A5FEA8B
:10B3C4009A0715D0043D002401E0A7420ED055F899
:10B3D400041F5A46304601F05BFA431C04F1010491
:10B3E400F3D10023C8E90133BDE8F88FD8F8083059
:10B3F4002AF0030AA3EB0A03C8F8083009F1080984
:10B40400002BDAD10020ECE701F00CF80023C8E9A6
:10B414000133BDE8F88F00BF2DE9F04F2DED028B0D
:10B42400C5B00DF1500A834608EE101A16460021E5
:10B43400082250461C460793FCF75CF8BBF1000F4A
:10B4440004D0DBF83430002B00F0A08618EE102A6C
:10B45400536EDB0740F11385B2F90C108AB29504E0
:10B464000BD418EE103A41F4005199815B6E8AB204
:10B4740018EE101A23F400534B66100740F10581AF
:10B4840018EE103A1B69002B00F0FF8002F01A033B
:10B494000A2B00F00A810023CDE91933CDE90D33DD
:10B4A4001BAA0C93189291460B930593B0464446FD
:10B4B400A84BD3F8E450FCF7A1F82246034612A99E
:10B4C400CDF800A05846A847002800F04581C0F2F6
:10B4D4003981129A252A034601D01C44E8E7B4EBCB
:10B4E4000806054640F03C81002361788DF843301E
:10B4F40004F1010806934FF0FF371E462B2408F190
:10B504000108A1F120035A2B00F27881DFE813F03F
:10B51400B50276017601B0027601760176016A0001
:10B52400760176017D028D0276018802970276010A
:10B5340092025B005B005B005B005B005B005B00F6
:10B544005B005B0076017601760176017601760177
:10B554007601760176015C0284007601760176013B
:10B564007601760176017601760176017601E800AE
:10B5740076017601760133027601DA0276017601EC
:10B584008B057601760176017601760176017601E6
:10B594007601760176015C028600760176017601F9
:10B5A400CD0286007F007601C0027601FD02EA002A
:10B5B400ED027F00760133027C0069057601760195
:10B5C4006B0576017C00A1F13003002218F8011B01
:10B5D40002EB820203EB4202A1F13003092BF5D9FD
:10B5E40006928EE75846FEF71FFE43680D931846F1
:10B5F400FCF716F90E9005465846FEF715FE8368CB
:10B604000B93002D40F0D68498F8001077E798F853
:10B61400001046F0200672E746F01006B40640F12A
:10B624008E81079B073323F007031A46596852F8A3
:10B63400083B07920A460029C0F27084791C00F086
:10B64400A28526F08001039153EA020100F03F84B1
:10B654000A2B72F1000180F0418530338DF80F31EF
:10B66400039E012304930DF20F14049BBB42B8BF45
:10B674003B460393002308939DF84330002B00F0CE
:10B68400CB80039B01330393C6E018EE101A58468F
:10B6940018EE105A01F040F8002840F05286AA89AA
:10B6A40002F01A030A2B7FF4F6AE18EE101AB1F961
:10B6B4000E30002BFFF6EFAE4B6EDB0702D497057E
:10B6C40040F1128618EE101A23463246584600F00E
:10B6D40069FE0590059845B0BDEC028BBDE8F08F7E
:10B6E40046F0100616F0200200F03681079B07335F
:10B6F40023F0070319465A6851F8083B079126F4CA
:10B7040080610391002100208DF84300781C00F033
:10B714001082039820F0800653EA020040F0088269
:10B72400002F40F03885002940F0D583039B13F0A7
:10B734000103049300F0118430238DF80F310DF2CE
:10B744000F1492E7082200215046FBF7D3FE012391
:10B754001C44ADE6D8150020B4EB080605461BD002
:10B76400199B1A9A01333244072BC9E900861A92AD
:10B7740019931CDD002A00F0A68318EE101A18AAEB
:10B784005846FFF70DFE20BB0DF16C09059B3344B1
:10B794000593002D7FF4A8AE1A9B002B40F0C185C1
:10B7A40018EE103A0022B3F90C30199215E009F1A1
:10B7B4000809EBE718EE101A18AA5846FFF7F0FD2F
:10B7C400002800F0A680089B1BB108995846FCF796
:10B7D40029F918EE103AB3F90C3018EE102A526E0B
:10B7E40012F0010F9AB200F0A080500600F1B28569
:10B7F400059845B0BDEC028BBDE8F08F0029CBD095
:10B8040000238DF843300123CDE903338DF8AC10C8
:10B814002BAC002308931F4616F00203099302D0B1
:10B82400039B0233039316F084030A9305D1069B0A
:10B83400039A9D1A002D00F37B82DDE91903411C54
:10B844009DF8432082B101220133C9F8042007295D
:10B854000DF14302CDE91913C9F8002000F34A821F
:10B86400084609F108090131099AE2B111AA023323
:10B87400C9F8002007294FF00202CDE91913C9F8CD
:10B88400042040F35082002B00F0438318EE101A7A
:10B8940018AA5846FFF784FD002894D1DDE919035E
:10B8A4000DF16C09411C0A9A802A00F08481049AE3
:10B8B400BD1A002D00F3D781049AC9F8004013443F
:10B8C4000729CDE91913C9F8042040F36E81002B30
:10B8D40000F0758218EE101A18AA5846FFF760FD9A
:10B8E40000287FF470AF1A9B0DF16C09750705D51C
:10B8F400069A0399541A002C00F36B82DDE90521A2
:10B9040003988142ACBF521812180592002B7FF4A1
:10B9140051AF089900231993002900F04981584632
:10B92400FCF780F80DF16C09C1E59C053FF55DAFAE
:10B9340018EE104AA06DFBF7FDFEA28955E7F0064C
:10B94400079A00F11F83710640F1198332F9043B11
:10B954000792DA1711466EE616F01003079940F0C5
:10B96400098316F0400000F001831A4651F8043BA5
:10B9740007919BB2C3E6079B1A4600238DF8433018
:10B98400134653F8044B0393002C00F012845329FC
:10B9940000F0658316F0100540F061837B1C00F015
:10B9A400B3843A4629462046FEF742FC0890002814
:10B9B40000F09F84031B039A049323EAE3732F4646
:10B9C40007920393089557E6432902D0F50640F100
:10B9D4002D83079D0822002116A82BACFBF78AFDB6
:10B9E40016AB55F8042B21465846FFF713FC0346C3
:10B9F4000133049000F0B384049B079523EAE373B6
:10BA0400039300238DF8433003E7079B53F8042B7B
:10BA14000692002A80F29C82069A5242CDE90623BD
:10BA240098F8001046F0040669E598F800108DF8BF
:10BA3400434064E598F8001046F080065FE542460E
:10BA440012F8011B2A2900F09684A1F13003092B76
:10BA540090464FF000073FF654AD18F8011B07EB72
:10BA6400870703EB4707A1F13003092BF5D948E514
:10BA740098F8001046F0010641E59DF84330002B8C
:10BA84007FF4C2AD202398F800108DF8433036E5DA
:10BA940098F800106C2903BF98F8011046F02006AE
:10BAA40008F1010846F0100629E598F80010682905
:10BAB40003BF98F8011046F4007608F1010846F037
:10BAC40040061CE546F010030393039B13F0200289
:10BAD40000F00682079B073323F0070319465A68D0
:10BAE40051F8083B079101210DE6079A46F002033D
:10BAF400039352F8043B079247F63002ADF8442012
:10BB0400B84A0C9202210022FDE5B70600F14882F2
:10BB1400F50600F14683740600F1D583B00540F1C3
:10BB24004083079B059953F8042B07931170BEE4D7
:10BB3400039601293FF48CAD022944AC11D10C9831
:10BB440003F00F011B09415C04F8011D43EA027371
:10BB5400120953EA0201F3D1039E44AB1B1B049365
:10BB640083E503F00701DB0843EA4273D20830316E
:10BB740053EA0205204604F8011DF2D1039EF3079F
:10BB8400EBD53029E8D03023023804F8013C44AB2B
:10BB94001B1A039E0493044667E5049B1B9401222D
:10BBA4001C931A9319920DF16C0909F108099DE689
:10BBB4000DF16C097BE4069A039D551B002D7FF75C
:10BBC40076AE102D40F3BB83099418EE104A07E0BB
:10BBD40000F1020C09F108091046103D102D1EDD7C
:10BBE4008149C9F80010421C10331021072ACDE9FD
:10BBF4001923C9F80410EBDD18AA002B74D02146D0
:10BC040058460DF16C09FFF7CBFB00287FF4DBAD40
:10BC1400DDE91903103D102D00F1010CE0DC099C55
:10BC2400714AC9F804502B44BCF1070FCDE919C37C
:10BC3400C9F8002040F39481002B00F01F8318EE14
:10BC4400101A18AA5846FFF7ABFB00287FF4BBADC7
:10BC5400049ADDE91903BD1A002D00F101010DF16B
:10BC64006C097FF729AE102D29DD0994102718EEF1
:10BC7400104A07E000F1020C09F108091046103DD2
:10BC8400102D1ADD421C58491033072AC9E9001740
:10BC9400CDE91923EEDD18AA03B3214658460DF168
:10BCA4006C09FFF77DFB00287FF48DADDDE91903F6
:10BCB400103D102D00F1010CE4DC099C61464A4A58
:10BCC400C9F804502B440729CDE91913C9F80020F9
:10BCD40000F3E78009F108090131EDE54FF0010CAB
:10BCE40018460DF16C09CAE74FF0010C18460DF126
:10BCF4006C0972E7002B00F0048118EE101A18AAE0
:10BD04005846FFF74DFB00287FF45DADDDE91903CC
:10BD14000DF16C09411CA7E5022311AA1C931B9287
:10BD240001210DF16C09084609F10809411CBAE525
:10BD3400102D40F3E582DDE919130F94084618EE3F
:10BD4400104A07E000F1020C09F108091046103D01
:10BD5400102D1DDD2549C9F80010421C1033102197
:10BD6400072ACDE91923C9F80410EBDD18AA03B397
:10BD7400214658460DF16C09FFF712FB00287FF4A9
:10BD840022ADDDE91903103D102D00F1010CE1DCB9
:10BD94000F9C6046154AC9F804502B440728CDE986
:10BDA4001903C9F8002000F3C18009F10809411CF6
:10BDB40046E518464FF0010C0DF16C09C7E776070C
:10BDC400199353D5069A0399541A002C4EDD0DF19C
:10BDD4006C09102C40F3B082199918EE106A1025E2
:10BDE4000DE000BF580D0020DC130020980D00204A
:10BDF400881C09F108091146103C102C1ADD4A1C54
:10BE0400B3481033072AC9E90005CDE91923EFDD4A
:10BE140018AA33B331465846FFF7C2FA00287FF414
:10BE2400D2ACDDE91913103C102C01F101000DF125
:10BE34006C09E4DCA64AC9F8044023440728CDE988
:10BE44001903C9F800207FF759AD7BB118EE101A19
:10BE540018AA5846FFF7A4FA00287FF4B4AC1A9B3A
:10BE64004CE5012019460DF16C09C5E7DDE9053201
:10BE740003998A42ACBF9B185B18059349E5B2F954
:10BE84000C108F0518EE103A8AB23FF5E8AA18EEA6
:10BE9400105A986DFBF74CFCB5F90C108AB2FFF7F9
:10BEA400DEBA002B3FF479AE18EE101A18AA5846E1
:10BEB400FFF776FA00287FF486AC19991A9B0131B2
:10BEC4000DF16C09F8E419920DF16C095EE4002F90
:10BED4007FF4C3AB039E0027049744ACFFF7C5BBB4
:10BEE400039B13F0100354D1039A12F0400000F0A6
:10BEF4006B8107991A4651F8043B07919BB20121C3
:10BF040001E4099A002A64D1184601210DF16C0953
:10BF1400C9E4012118460DF16C09C4E45B4262EBEB
:10BF2400420203962D200121FFF7EEBB002B00F007
:10BF3400888018EE101A18AA5846FFF731FA00281C
:10BF44007FF441ACDDE919030DF16C09411C77E480
:10BF540098F800100793FFF7D2BA44ACFFF785BBFB
:10BF640009F108090CF101016046A0E416F400721D
:10BF740040F0978151F8043B0791FFF7C0BBB3052C
:10BF840000F1888152F8043B0792DA171146FFF753
:10BF940052BB079951F8043B07910121FFF7B3BB4A
:10BFA400079B059853F8041B0793C217C1E90002C5
:10BFB400FFF77DBA0B9B002B3FF426AB0B9B1B7842
:10BFC400002B3FF421AB98F8001046F48066FFF78D
:10BFD40096BA022311AA1C931B9201200DF16C093D
:10BFE400A2E6039671E53B4B0C9316F0200259D060
:10BFF400079B073323F0070318465A6850F8083B99
:10C004000790F40709D553EA020006D08DF84510CD
:10C01400302146F002068DF8441026F48061039125
:10C024000221FFF770BB2C4B0C93DEE7079B012129
:10C0340053F8042B03918DF8AC20079304912BAC97
:10C04400DFE49DF84320002A40F03281099A002A57
:10C054007FF462AE184601210DF16C0927E400213A
:10C06400082216A81394FBF745FA791C00F0BC804B
:10C07400002507942C460CE02BA95846FFF7CAF874
:10C08400421C204400F06B81B84208DC00F070814F
:10C094000446139A525916AB0435002AECD1049481
:10C0A400079CAFE016F0100307980CD116F040047B
:10C0B40005D01A4650F8043B07909BB2A1E716F44A
:10C0C400007240F0E18050F8043B079099E700BF0C
:10C0D400980D0020580D00206C0D00200399049742
:10C0E40044AC9E4608EE90BA01F480664FF0000C12
:10C0F400234606E0BEF10A0F72F1000239D3A646C8
:10C104002A46A6491EEB020040F100000F46A1FB9F
:10C11400001424F0030101EB9401401ABEEB00016A
:10C124004FF0CC3562F1000405FB01F507FB045523
:10C13400A1FB07410D44052704F00101A1FB071BE6
:10C1440009186408303103F8011C44EAC5740CF181
:10C15400010C013B6D08002ECCD00B990978614588
:10C16400C8D1BCF1FF0FC5D0BEF10A0F72F10002B5
:10C174006CD21C4644AB1B1B049F039E049318EE15
:10C1840090BAFFF772BA0396FFF762BA5846FBF704
:10C194005DF8FFF75BB9012903967FF4CDACFFF797
:10C1A4005CBA079B059953F8042B11600793FFF7BA
:10C1B4007EB9062F3B46039A794C079228BF062383
:10C1C40004930393FFF725BB039B079913F40072B1
:10C1D40014BF51F8043B51F8043B07911CBF0246BD
:10C1E400DBB20121FFF78FBA16AB00930023194687
:10C1F40013AA5846FFF734F803460133049000F0BD
:10C20400AE801394049B002B30D0632B63DC00239B
:10C2140008932BAC0822002116A8FBF76BF9049DA8
:10C2240016AB009313AA2B4621465846FFF718F87D
:10C23400854240F0AB80039B049A07930023A354E8
:10C244001F4622EAE2730393FFF716BA0E9A0D997A
:10C254009B1A18460893FBF79FF90B99089B4A7899
:10C264000AB101310B914FF0000C48E7039B07938F
:10C27400049B03931F460893FFF7FEB90121184658
:10C284000DF16C09FFF713BB50F8043B07902246ED
:10C29400DBB2B6E612F9043B0792DA171146FFF750
:10C2A400CAB951F8043B07910246DBB2FFF727BA3B
:10C2B40001231C9301210DF143031B930DF16C0920
:10C2C4000B46FFF7CDBA079B059953F8042B079348
:10C2D4001180FFF7ECB8591C5846FAF711FA0446D6
:10C2E40000283CD0089095E7886DFBF723FAFFF708
:10C2F400E9B9039B0793CDE90377089FFFF7BCB91E
:10C3040019981A9B013045E5039B07932046FBF7D8
:10C3140087FA20EAE0732F46049003930895FFF709
:10C32400ABB918EE101A18AA5846FFF739F80028C6
:10C334003FF436AAFFF74DBA199801307AE58C46D6
:10C344006EE46B6ED90705D4AB899A0502D4A86D47
:10C35400FBF7F0F94FF0FF330593FFF749BA18EEF6
:10C36400102AB2F90C3043F040039381FFF735BA39
:10C37400079C049746E7079B98F8011053F8047B41
:10C384000793904647EAE777FFF7B9B818EE102A03
:10C39400938943F040039381FFF715BACDCCCCCCFD
:10C3A400800D002070B50C468989ADF58E6D21F0A5
:10C3B4000201ADF81410616E1B91E189ADF81610FD
:10C3C400E1690991616A0B911CA9029106914FF4EC
:10C3D400806106460491079118A80021CDE9003236
:10C3E4000891FBF7A1F9DDE9003202A93046FFF715
:10C3F40013F8051E07DB02A93046FDF7EBFE002803
:10C4040018BF4FF0FF35BDF814305B0603D5A38980
:10C4140043F04003A3811898FBF788F928460DF5EB
:10C424008E6D70BD9368002B00F085802DE9F04F70
:10C43400B1F90C300C461907804683B0174698B200
:10C4440025D523691BB310F002033D682DD04FF0AE
:10C45400000ADFF8C0B25646B9465E453346524636
:10C4640028BF5B464046002E52D0E169676AB84750
:10C47400002856DDD9F808301B1A8244361AC9F848
:10C484000830002BE9D1002003B0BDE8F08F21462D
:10C49400404600F041F9002840F03881B4F90C30EE
:10C4A4003D6898B210F00203D1D110F0010944D1D3
:10C4B4004E46009746B38205D4F808B040F1858013
:10C4C400B3455A4600F2B48010F4906F40F0C18036
:10C4D400206801924946FAF791FFA368019AA3EBF9
:10C4E4000B012368A1601344B24623600026009A1E
:10C4F4009368A3EB0A03D1449360002BC3D0B4F92F
:10C504000C0080B2002ED6D1D5E900960835D1E7CB
:10C51400D5E900A60835A0E721464046FDF75AFEB6
:10C5240088B3B4F90C3043F040034FF0FF30A381DB
:10C5340003B0BDE8F08F002070471E46BA46994606
:10C54400184600951F4666B3002832D04A46D4E9FF
:10C5540004132068A568B24228BF3246884204D931
:10C5640005EB030B5A4500F3A780934264DCE169B1
:10C57400656A3A464046A847B0F1000BD1DDB9EBF5
:10C584000B09C9D00120DAF80830A3EB0B035F4490
:10C59400A6EB0B06CAF80830002B3FF474AF002E4C
:10C5A400D2D1009A5668134608320092002EF8D071
:10C5B4001F6832460A213846FDF73AFE002800F08B
:10C5C4009C800130A0EB0709C0E7206823699842EA
:10C5D40016D86269B24213D86FF00043B34228BF41
:10C5E4003346E16993FBF2F3676A02FB03F34046C7
:10C5F4004A46B847B0F1000A93DDA6EB0A0676E78F
:10C60400B345DA4628BFB24652464946FAF7F6FE23
:10C61400A3682268A3EB0A035244A3602260002BA0
:10C62400EBD121464046FDF7D5FD0028E5D078E75B
:10C634002068B34632464CE739460192FAF7DEFEEB
:10C64400019AA3689B1AA36023681344236093464A
:10C6540095E723682169A3EB010B636903EB430AA4
:10C664000AEBDA7A0BF101034FEA6A0A33445345C1
:10C67400524684BF9A46524643052CD5114640463D
:10C68400FAF73EF800283BD05A4621690190F7F7A3
:10C69400CFF9A289019B22F4906242F08002A28128
:10C6A40003EB0B002361AAEB0B03C4F814A0A360F3
:10C6B4002060B34632460CE739465A46FAF79EFEE6
:10C6C40023685B44236021464046FDF783FD002830
:10C6D4003FF455AF25E74046FAF7DAFA0346002857
:10C6E400DED121694046FBF79DF9B4F90C300C22E8
:10C6F40023F08003C8F8002015E7721C914626E752
:10C704000C22B4F90C30C8F800200CE74FF0FF30CD
:10C71400BAE600BF00FCFF7F38B5314B1B68054605
:10C724000C4613B15A6B002A4ED0B4F90C301807DA
:10C734009AB21CD5216929B312F0010007D0002058
:10C74400A06060694042A06139B1002038BD9507FE
:10C7540058BF6069A0600029F7D1120658BF084687
:10C76400F4D543F04003A3814FF0FF3038BDD10628
:10C774002ED5520714D4216943F00803A3819AB239
:10C784000029D9D102F42070B0F5007FD4D021461D
:10C79400284600F047F9B4F90C3021699AB2CBE786
:10C7A400216B51B104F14002914204D02846FBF7B9
:10C7B40039F9B4F90C300022226321690022C4E95A
:10C7C400001223F02403D7E71846FAF73FFDACE73D
:10C7D400092243F040032A604FF0FF30A38138BDA3
:10C7E400601B00202DE9F04782B08246884614463B
:10C7F400FAF704FF012803D108F1FF33FE2B36D9E1
:10C804000DF10409424604F15C0349465046FEF723
:10C8140001FD421C064632D020B39DF804C0002519
:10C8240009E023685A1C226083F800C00135B54230
:10C8340018D219F801CFA368013B002BA360F0DAEA
:10C84400A769BB4261462246504602DBBCF10A0F8F
:10C85400E7D100F053F9431CE8D10646304602B054
:10C86400BDE8F0874646304602B0BDE8F0875FFA7F
:10C8740088FC8DF804C006460DF10409CFE7A389AE
:10C88400304643F04003A38102B0BDE8F08700BF07
:10C8940030B5536E13F0010FB2F90C30144683B067
:10C8A40005469AB201D198051CD5900406D4626E4F
:10C8B40043F4005342F40052A381626622462846A0
:10C8C400FFF790FF636EDA07054602D4A3899B0540
:10C8D40002D5284603B030BDA06DFAF72BFF2846D9
:10C8E40003B030BDA06D0191FAF722FFB4F90C300A
:10C8F40001999AB2D9E700BF2DE9F04F8BB0DDE979
:10C90400158A149F0391814605921E46B8F1000FC3
:10C914005CD0039B002B5ED0059B1D68002F6AD062
:10C92400741E4EB3039B0493043D002601950BE053
:10C93400039B2BBB019B1A68002A3AD0BC455CD2EE
:10C94400013C631C664617D0D8F800300293019B63
:10C95400DAF8E05053F8042F019307A943464846F8
:10C96400D8F804B0A847421C3AD000EB060CBC45EA
:10C97400DED9029BC8E9003B30460BB0BDE8F08F1E
:10C9840000280EDD049B019D18445A1E07A900F1DE
:10C99400FF3E11F8013B02F8013F7245F9D10195C0
:10C9A4000490059B1A6804321A60019B1A68002AD5
:10C9B400C4D1039B0BB1059B1A600CF1FF36002216
:10C9C4003046C8F800200BB0BDE8F08F039B00F59B
:10C9D4008678002BA0D1059B4FF0FF371D689FE799
:10C9E40006468A2100223046C9F80010C8F8002003
:10C9F4000BB0BDE8F08F3E46BEE76646BCE700BF1D
:10CA040010B584B0054C069800900798019004482E
:10CA140000680294FFF770FF04B010BDD815002021
:10CA2400601B00202DE9F0418B890C46990796B0D4
:10CA340008D504F143030122C4E90432236016B08B
:10CA4400BDE8F081B4F90E100029064625DB6A46DC
:10CA540000F0ACF800281FDB019D05F47045A5F536
:10CA64000055B5FA85F54FF480686D094FF40067F9
:10CA740041463046F9F744FEE0B1B4F90C30C4F84D
:10CA8400148043F0800320602061A38135BB3B43C5
:10CA9400A38116B0BDE8F081A38913F0800519D0F5
:10CAA4004FF040080025414630462F46F9F728FE4E
:10CAB4000028E2D1B4F90C309A05C0D423F0030362
:10CAC40004F1430243F002030121C4E90421A381D8
:10CAD4002260B4E74FF480682F46C9E7B4F90E101A
:10CAE400304600F079F810B9B4F90C30CFE7A389D7
:10CAF40023F0030343F001031BB2C8E7F8B50D4666
:10CB04001446064610B1436B002B4CD0B4F90C20EC
:10CB1400A369A360170790B21BD52369CBB1EDB20B
:10CB240081042F4622D522686169D31A994229DDEE
:10CB34000133A1680139A160511C2160157062693B
:10CB44009A4227D0A389DB0701D50A2D22D0384683
:10CB5400F8BD21463046FFF7DFFD08BBB4F90C20D1
:10CB6400236990B2EDB281042F46DCD442F4005222
:10CB7400A281626E616922F4005262662268D31A4D
:10CB84009942D5DC21463046FDF724FB40B92268A2
:10CB94000123CEE721463046FDF71CFB0028D6D002
:10CBA4004FF0FF37D3E7FAF751FBAFE770B50C4608
:10CBB400084D03460026204611461C462E60F7F712
:10CBC40043FB431C00D070BD2B68002BFBD02360BB
:10CBD40070BD00BFA424002038B5074D00220446D0
:10CBE40008462A60F7F736FB431C00D038BD2B6893
:10CBF400002BFBD0236038BDA424002000000000DB
:10CC04005FF800F0FD1D00605FF800F0551D006046
:04CC1400F8B500BFB0
:08CC1800988CFF7F0100000071
:10CC20000000000000000000000000000000000004
:10CC300000000000000000000000000000000000F4
:10CC400000000000000000000000000000000000E4
:10CC500000000000000000000000000000000000D4
:10CC600000000000000000000000000000000000C4
:10CC700000000000000000000000000000000000B4
:10CC800000000000000000000000000000000000A4
:10CC90000000000000000000000000000000000094
:10CCA0000000000000000000000000000000000084
:10CCB0000000000000000000000000000000000074
:10CCC0000000000000000000000000000000000064
:10CCD0000000000000000000000000000000000054
:10CCE0000000000000000000000000000000000044
:10CCF0000000000000000000000000000000000034
:10CD00000000000000000000000000000000000023
:10CD10000000000000000000000000000000000013
:10CD20000000000000000000000000000000000003
:10CD300000000000000000000000000000000000F3
:10CD400000000000000000000000000000000000E3
:10CD500000000000000000000000000000000000D3
:10CD600000000000000000000000000000000000C3
:10CD700000000000000000000000000000000000B3
:10CD800000000000000000000000000000000000A3
:10CD90000000000000000000000000000000000093
:10CDA0000000000000000000000000000000000083
:10CDB0000000000000000000000000000000000073
:10CDC0000000000000000000000000000000000063
:10CDD0000000000000000000000000000000000053
:10CDE0000000000000000000000000000000000043
:10CDF0000000000000000000000000000000000033
:10CE00000000000000000000000000000000000022
:10CE10000000000000000000000000000000000012
:10CE20000000000000000000000000000000000002
:10CE300000000000000000000000000000000000F2
:10CE400000000000000000000000000000000000E2
:10CE500000000000000000000000000000000000D2
:10CE600000000000000000000000000000000000C2
:10CE700000000000000000000000000000000000B2
:10CE800000000000000000000000000000000000A2
:10CE90000000000000000000000000000000000092
:10CEA00000000040FB21F93F000000002D44743ECB
:10CEB000000000809846F83C0000006051CC783BB0
:10CEC00000000080831BF0390000004020257A38E4
:10CED000000000802282E336000000001DF3693567
:10CEE0000080E03779C34143176E05B5B5B8934666
:10CEF000F5F93FE9034F384D321D30F94877825A32
:10CF00003CBF737FDD4F1575000000000000F03F4F
:10CF10000000000000002440000000000000594014
:10CF20000000000000408F40000000000088C34067
:10CF300000000000006AF8400000000080842E41DC
:10CF400000000000D01263410000000084D7974128
:10CF50000000000065CDCD41000000205FA002422E
:10CF6000000000E876483742000000A2941A6D42A3
:10CF7000000040E59C30A2420000901EC4BCD64296
:10CF800000003426F56B0C430080E03779C3414341
:10CF900000A0D8855734764300C84E676DC1AB43B7
:10CFA000003D9160E458E143408CB5781DAF1544D5
:10CFB00050EFE2D6E41A4B4492D54D06CFF08044B0
:10CFC000F64AE1C7022DB544B49DD9794378EA44C5
:10CFD000253032642530372E346600002530336426
:10CFE0002530372E346600002530366C7500000081
:10CFF0002450414F47492C002C0000002A25303294
:10D0000058000000554E4C4F470D0A00434F4E4606
:10D01000494720414E54454E4E4120504F574552AE
:10D020004F4E0D0A00000000434F4E464947204E28
:10D030004D454156455253494F4E20563431300DDF
:10D040000A000000434F4E4649472052544B20549B
:10D05000494D454F5554203630300D0A0000000030
:10D06000434F4E4649472052544B2052454C49416C
:10D0700042494C495459203320310D0A0000000028
:10D08000434F4E464947205050502054494D454F3C
:10D090005554203330300D0A00000000434F4E46F7
:10D0A000494720534D4F4F54482052544B4845490F
:10D0B00047485420300D0A00434F4E464947204808
:10D0C000454144494E47204F464653455420393048
:10D0D0002E3020302E300D0A00000000434F4E4607
:10D0E00049472048454144494E472052454C494113
:10D0F00042494C49545920330D0A0000434F4E46D3
:10D1000049472048454144494E47205452414354E1
:10D110004F520D0A00000000434F4E464947204839
:10D12000454144494E47205641524941424C454CA5
:10D13000454E4754480D0A00434F4E464947204448
:10D140004750532054494D454F5554203630300DEB
:10D150000A000000434F4E464947205254434D4277
:10D16000314342324120454E41424C450D0A0000B8
:10D17000434F4E46494720534D4F4F544820484552
:10D180004144494E4720300D0A000000434F4E46AF
:10D19000494720414E54454E4E4144454C54414828
:10D1A000454E20302E3030303020302E3030303070
:10D1B00020302E303030300D0A000000434F4E46F4
:10D1C000494720534241532044495341424C450D65
:10D1D0000A000000434F4E46494720505053204517
:10D1E0004E41424C452047505320504F53495449DB
:10D1F000564520353030303030203130303020301E
:10D2000020300D0A00000000434F4E464947204D94
:10D210004D5020454E41424C450D0A00434F4E466D
:10D220004947205349474E414C47524F55502034AF
:10D2300020350D0A00000000434F4E46494720416B
:10D240004E54494A414D204155544F0D0A000000AB
:10D25000434F4E4649472041474E5353204449537C
:10D2600041424C450D0A0000434F4E46494720437A
:10D270004F4D31203436303830300D0A0000000078
:10D28000434F4E46494720434F4D322034363038C5
:10D2900030300D0A00000000434F4E4649472043FE
:10D2A0004F4D33203436303830300D0A0000000046
:10D2B0004D4F444520524F564552205355525645E6
:10D2C000590D0A0041475249434220302E310D0A80
:10D2D0000000000000000000963007772C610EEE81
:10D2E000BA51099919C46D078FF46A7035A563E9BD
:10D2F000A395649E3288DB0EA4B8DC791EE9D5E0E4
:10D3000088D9D2972B4CB609BD7CB17E072DB8E7E2
:10D31000911DBF906410B71DF220B06A4871B9F337
:10D32000DE41BE847DD4DA1AEBE4DD6D51B5D4F470
:10D33000C785D38356986C13C0A86B647AF962FDD5
:10D34000ECC9658A4F5C0114D96C0663633D0FFA22
:10D35000F50D088DC8206E3B5E10694CE44160D528
:10D36000727167A2D1E4033C47D4044BFD850DD212
:10D370006BB50AA5FAA8B5356C98B242D6C9BBDB25
:10D3800040F9BCACE36CD832755CDF45CF0DD6DC20
:10D39000593DD1ABAC30D9263A00DE518051D7C8C7
:10D3A0001661D0BFB5F4B42123C4B3569995BACF52
:10D3B0000FA5BDB89EB802280888055FB2D90CC673
:10D3C00024E90BB1877C6F2F114C6858AB1D61C1EC
:10D3D0003D2D66B69041DC760671DB01BC20D2980B
:10D3E0002A10D5EF8985B1711FB5B606A5E4BF9F98
:10D3F00033D4B8E8A2C9077834F9000F8EA809968B
:10D4000018980EE1BB0D6A7F2D3D6D08976C6491F5
:10D41000015C63E6F4516B6B62616C1CD83065850E
:10D420004E0062F2ED95066C7BA5011BC1F40882EB
:10D4300057C40FF5C6D9B06550E9B712EAB8BE8B2C
:10D440007C88B9FCDF1DDD62492DDA15F37CD38CB5
:10D45000654CD4FB5861B24DCE51B53A7400BCA3B3
:10D46000E230BBD441A5DF4AD795D83D6DC4D1A4E5
:10D47000FBF4D6D36AE96943FCD96E34468867ADBC
:10D48000D0B860DA732D0444E51D03335F4C0AAA5B
:10D49000C97C0DDD3C710550AA41022710100BBE5E
:10D4A00086200CC925B56857B3856F2009D466B9A5
:10D4B0009FE461CE0EF9DE5E98C9D9292298D0B0DA
:10D4C000B4A8D7C7173DB359810DB42E3B5CBDB787
:10D4D000AD6CBAC02083B8EDB6B3BF9A0CE2B60308
:10D4E0009AD2B1743947D5EAAF77D29D1526DB04BD
:10D4F0008316DC73120B63E3843B64943E6A6D0D08
:10D50000A85A6A7A0BCF0EE49DFF099327AE000A52
:10D51000B19E077D44930FF0D2A3088768F2011EE5
:10D52000FEC206695D5762F7CB67658071366C197C
:10D53000E7066B6E761BD4FEE02BD3895A7ADA109D
:10D54000CC4ADD676FDFB9F9F9EFBE8E43BEB7177E
:10D55000D58EB060E8A3D6D67E93D1A1C4C2D83808
:10D5600052F2DF4FF167BBD16757BCA6DD06B53F6E
:10D570004B36B248DA2B0DD84C1B0AAFF64A0336AD
:10D58000607A0441C3EF60DF55DF67A8EF8E6E312C
:10D5900079BE69468CB361CB1A8366BCA0D26F2575
:10D5A00036E2685295770CCC03470BBBB9160222C2
:10D5B0002F260555BE3BBAC5280BBDB2925AB42BD7
:10D5C000046AB35CA7FFD7C231CFD0B58B9ED92CEC
:10D5D0001DAEDE5BB0C2649B26F263EC9CA36A7551
:10D5E0000A936D02A906099C3F360EEB8567077208
:10D5F00013570005824ABF95147AB8E2AE2BB17B6F
:10D60000381BB60C9B8ED2920DBED5E5B7EFDC7CF5
:10D6100021DFDB0BD4D2D38642E2D4F1F8B3DD684C
:10D620006E83DA1FCD16BE815B26B9F6E177B06F47
:10D630007747B718E65A0888706A0FFFCA3B066634
:10D640005C0B0111FF9E658F69AE62F8D3FF6B61C1
:10D6500045CF6C1678E20AA0EED20DD75483044E63
:10D66000C2B30339612667A7F71660D04D476949F1
:10D67000DB776E3E4A6AD1AEDC5AD6D9660BDF4004
:10D68000F03BD83753AEBCA9C59EBBDE7FCFB247B7
:10D69000E9FFB5301CF2BDBD8AC2BACA3093B3539C
:10D6A000A6A3B4240536D0BA9306D7CD2957DE54A5
:10D6B000BF67D9232E7A66B3B84A61C4021B685D7E
:10D6C000942B6F2A37BE0BB4A18E0CC31BDF055AF7
:10D6D0008DEF022D0000000000000000FD1300008F
:10D6E00071160000010F000051100000210F000012
:10D6F000BD0F0000490F0000000000000000000006
:10D70000E9150000C52C0000C12C0000BD2C000054
:10D710006D00000069000000B92C0000B52C00006D
:10D720002C2066756E6374696F6E3A2000000000ED
:10D73000617373657274696F6E202225732220668F
:10D7400061696C65643A2066696C652022257322E4
:10D750002C206C696E65202564257325730A0000F2
:10D7600042616C6C6F6320737563636565646564A7
:10D77000000000002F646174612F6A656E6B696E32
:10D78000732F776F726B73706163652F474E552DE2
:10D79000746F6F6C636861696E2F61726D2D3131CA
:10D7A0002F7372632F6E65776C69622D637967776B
:10D7B000696E2F6E65776C69622F6C6962632F7377
:10D7C00074646C69622F6D707265632E6300000073
:10D7D00030313233343536373839616263646566E7
:10D7E0006768696A6B6C6D6E6F7071727374757651
:10D7F0007778797A00000000002020202020202067
:10D8000020202828282828202020202020202020F0
:10D810002020202020202020208810101010101000
:10D82000101010101010101010040404040404044C
:10D8300004040410101010101010414141414141E6
:10D8400001010101010101010101010101010101C8
:10D8500001010101101010101010424242424242D8
:10D860000202020202020202020202020202020298
:10D870000202020210101010200000000000000040
:10D880000000000000000000000000000000000098
:10D890000000000000000000000000000000000088
:10D8A0000000000000000000000000000000000078
:10D8B0000000000000000000000000000000000068
:10D8C0000000000000000000000000000000000058
:10D8D0000000000000000000000000000000000048
:10D8E0000000000000000000000000000000000038
:10D8F000000000000000000000000000496E6669A2
:10D900006E697479000000004E614E002F646174EE
:10D91000612F6A656E6B696E732F776F726B7370B0
:10D920006163652F474E552D746F6F6C6368616935
:10D930006E2F61726D2D31312F7372632F6E65778B
:10D940006C69622D63796777696E2F6E65776C6994
:10D95000622F6C6962632F7374646C69622F6474E4
:10D960006F612E6300000000494E4600696E66003C
:10D970004E414E006E616E003031323334353637F1
:10D98000383961626364656600000000303132330B
:10D9900034353637383941424344454600000000AB
:10D9A000286E756C6C29000020202020202020206B
:10D9B0002020202020202020202020202020202067
:10D9C000202020202020202000000042C8801F406E
:10D9D000B8821F400800000000000042C4801F40C1
:10D9E000B4821F400400000000C0004224801F4099
:10D9F00014821F401000000000C0004228801F4019
:10DA000018821F402000000000C000422C801F40F0
:10DA10001C821F404000000000C0004234801F40B4
:10DA200024821F40000100000040004264811F402A
:10DA300054831F40000400000040004280811F40CA
:10DA400070831F4000000200004000427C811F40A4
:10DA50006C831F40000001000040004268811F40AD
:10DA600058831F4000080000004000423C811F40D6
:10DA70002C831F40010000000040004244811F40F1
:10DA800034831F40040000000040004240811F40DA
:10DA900030831F40020000000040004248811F40C8
:10DAA00038831F40080000000000004204811F402E
:10DAB000F4821F40000004000000004208811F4063
:10DAC000F8821F40000008000000004218811F403B
:10DAD00008831F40000080000000004214811F40A6
:10DAE00004831F40000040000000004200811F40EE
:10DAF000F0821F400000020000000042FC801F4036
:10DB0000EC821F40000001000000004224811F4001
:10DB100014831F40000000040000004228811F40C1
:10DB200018831F4000000008000000421C811F40B5
:10DB30000C831F40000000010000004220811F40B4
:10DB400010831F400000000200000042EC801F40D4
:10DB5000DC821F400010000000000042F0801F40E7
:10DB6000E0821F40002000000000004234811F407E
:10DB700024831F40000000400000004238811F4005
:10DB800028831F40000000800080004294801F40D6
:10DB900084821F400000040000C0004290801F40AB
:10DBA00080821F400000008000800042A8801F404B
:10DBB00098821F400000800000800042A4801F4027
:10DBC00094821F4000004000004000426C811F40D2
:10DBD0005C831F400010000000C0004230801F40E6
:10DBE00020821F408000000000400042B0811F40A2
:10DBF000A0831F400000002000400042AC811F4075
:10DC00009C831F40000000100040004284811F40A0
:10DC100074831F40000004000040004288811F40C0
:10DC200078831F4000000800000000422C811F4044
:10DC30001C831F40000000100000004230811F4084
:10DC400020831F4000000020000000420C811F4084
:10DC5000FC821F40000010000000004210811F40A5
:10DC600000831F400000200000800042C8811F4048
:10DC7000B8831F400080000000800042C4811F4024
:10DC8000B4831F400040000000800042C0811F405C
:10DC9000B0831F400020000000800042BC811F4074
:10DCA000AC831F400010000000800042D0811F4064
:10DCB000C0831F400000020000800042CC811F4052
:10DCC000BC831F400000010000C0004274801F4060
:10DCD00064821F400000000100C0004280801F409D
:10DCE00070821F400000000800C0004284801F4076
:10DCF00074821F400000001000C000426C801F4072
:10DD00005C821F400000400000C000427C801F4039
:10DD10006C821F400000000400C0004278801F4059
:10DD200068821F400000000200C0004288801F403F
:10DD300078821F4000000020300000003100000009
:10DD400002000000030000000400000006000000C4
:10DD500020536174656C6C697465733A200000002F
:10DD600020205061727365206475726174696F6EF2
:10DD70003A2000002075730050414E4441206465F4
:10DD8000636F6465206661696C656400FB21F93F1F
:10DD9000FB2109407CD91240FB2119407A6A1F40BF
:10DDA0007CD92240BBFD2540FB2129403A462C402E
:10DDB0007A6A2F405C4731407CD932409C6B3440BA
:10DDC000BBFD3540DB8F3740FB2139401BB43A4067
:10DDD0003A463C405AD83D407A6A3F404C7E4040EB
:10DDE0005C4741406C1042407CD942408CA2434089
:10DDF0009C6B4440AC344540BBFD4540CBC64640DF
:10DE0000DB8F4740EB584840FB21494005000000AC
:10DE1000190000007D0000002E0000004C435F430D
:10DE20004F4C4C41544500004C435F4354595045BE
:10DE3000000000004C435F4D4F4E45544152590085
:10DE40004C435F4E554D4552494300004C435F548F
:10DE5000494D45004C435F4D4553534147455300A1
:10DE600083F9A200444E6E00FC291500D15727000B
:10DE7000DD34F50062DBC0003C9995004190430021
:10DE80006351FE00BBDEAB00B761C5003A6E2400F3
:10DE9000D24D42004906E00009EA2E001C92D10052
:10DEA000EB1DFE0029B11C00E83EA700F5358200FD
:10DEB00044BB2E009CE98400B4267000417E5F00C4
:10DEC000D6913900538339009CF439008B5F84006C
:10DED00028F9BD00F81F3B00DEFF97000F980500F2
:10DEE000112FEF000A5A8B006D1F6D00CF7E360098
:10DEF00009CB2700464FB7009E663F002DEA5F0022
:10DF0000BA277500E5EBC7003D7BF100F739070044
:10DF100092528A00FB6BEA001FB15F00085D8D0022
:10DF2000300356007BFC4600F0AB6B0020BCCF00FA
:10DF300036F49A00E3A91D005E619100081BE6001B
:10DF400085996500A0145F008D40680080D8FF00AF
:10DF500027734D0006063100CA561500C9A8730084
:10DF60007BE260006B8CC00000010000641B00209D
:10DF70001200000000060000541F00600A000000AC
:10DF800000020000F01E00606200000000070000B8
:10DF90008C1E006062000000EE030000A01B002049
:10DFA00012000000000004EE781B00202800000092
:10DFB00000030000881E0060000000000103090447
:10DFC000701E00600000000002030904581E00607B
:10DFD0000000000003030904B41B0020000000003F
:10DFE0000000000000000000000000003030303071
:10DFF0003030303030303030303030303030303021
:10E0000030303030303030303030303000000000D0
:10E010000000000054230020BC2300202424002002
:10E0200000000000000000000000000000000000F0
:10E0300000000000000000000000000000000000E0
:10E0400000000000000000000000000000000000D0
:10E0500000000000000000000000000000000000C0
:10E0600000000000000000000000000000000000B0
:10E0700000000000000000000000000000000000A0
:10E080000000000000000000000000000000000090
:10E090000000000000000000000000000000000080
:10E0A000000000000000000001000000000000006F
:10E0B0000E33CDAB34126DE6ECDE05000B00000034
:10E0C0000000000000000000000000000000000050
:10E0D0000000000000000000000000000000000040
:10E0E0000000000000000000000000000000000030
:10E0F0000000000000000000000000000000000020
:10E10000000000000000000000000000000000000F
:10E1100000000000000000000000000000000000FF
:10E1200000000000000000000000000000000000EF
:10E1300000000000000000000000000000000000DF
:10E140000000000000000000000000000000C07F90
:10E150000000C07F0000C07F0000C07F0000C07FC3
:10E160000000C07F0000C07F0000C07F00000000F2
:10E170000029DE07007B9A17E00A0020000000005B
:10E18000E803000000000000021500006515000013
:10E1900025210000541E006068C00F4000000030C0
:10E1A0000F000000020000002C851F40010000004D
:10E1B000FF000000FF000000000000000000000061
:10E1C0000E0000000200000030851F40010000002A
:10E1D000FF000000FF000000000000000000000041
:10E1E00013024000260018007800000014230020CD
:10E1F00080302020000000004300000000000000EC
:10E20000000000000000000000000000000000000E
:10E2100000000000000000004300000000000000BB
:10E2200000000000000000000000000000000000EE
:10E23000000000000000000043000000000000009B
:10E2400000000000000000000000000000000000CE
:10E25000000000000000000043000000000000007B
:10E2600000000000000000000000000000000000AE
:10E27000000000000000000043000000000000005B
:10E28000000000000000000000000000000000008E
:10E29000000000000000000043000000000000003B
:10E2A000000000000000000000000000000000006E
:10E2B000000000000000000043000000000000001B
:10E2C000000000000000000000000000000000004E
:10E2D000000000000000000075640000D15C000038
:10E2E00000000000D80B0020F8110020E4050020F9
:10E2F000E4050020E4050020E4050020E4050020FA
:10E30000E4050020E4050020E4050020E4050020E9
:10E31000FFFFFFFFFFFFFFFFFFFFFFFFFFFF00000B
:10E320000100415343494900000000000000000083
:10E3300000000000000000000000000000000000DD
:10E340000000415343494900000000000000000064
:10E3500000000000000000000000000000000000BD
:10E360000000000000000000000000004417002032
:10E37000441700204C1700204C1700205417002091
:10E38000541700205C1700205C1700206417002041
:10E39000641700206C1700206C17002074170020F1
:10E3A000741700207C1700207C17002084170020A1
:10E3B000841700208C1700208C1700209417002051
:10E3C000941700209C1700209C170020A417002001
:10E3D000A4170020AC170020AC170020B4170020B1
:10E3E000B4170020BC170020BC170020C417002061
:10E3F000C4170020CC170020CC170020D417002011
:10E40000D4170020DC170020DC170020E4170020C0
:10E41000E4170020EC170020EC170020F417002070
:10E42000F4170020FC170020FC170020041800201F
:10E43000041800200C1800200C18002014180020CC
:10E44000141800201C1800201C180020241800207C
:10E45000241800202C1800202C180020341800202C
:10E46000341800203C1800203C18002044180020DC
:10E47000441800204C1800204C180020541800208C
:10E48000541800205C1800205C180020641800203C
:10E49000641800206C1800206C18002074180020EC
:10E4A000741800207C1800207C180020841800209C
:10E4B000841800208C1800208C180020941800204C
:10E4C000941800209C1800209C180020A4180020FC
:10E4D000A4180020AC180020AC180020B4180020AC
:10E4E000B4180020BC180020BC180020C41800205C
:10E4F000C4180020CC180020CC180020D41800200C
:10E50000D4180020DC180020DC180020E4180020BB
:10E51000E4180020EC180020EC180020F41800206B
:10E52000F4180020FC180020FC180020041900201A
:10E53000041900200C1900200C19002014190020C7
:10E54000141900201C1900201C1900202419002077
:10E55000241900202C1900202C1900203419002027
:10E56000341900203C1900203C19002044190020D7
:10E57000441900204C1900204C1900205419002087
:10E58000541900205C1900205C1900206419002037
:10E59000641900206C1900206C19002074190020E7
:10E5A000741900207C1900207C1900208419002097
:10E5B000841900208C1900208C1900209419002047
:10E5C000941900209C1900209C190020A4190020F7
:10E5D000A4190020AC190020AC190020B4190020A7
:10E5E000B4190020BC190020BC190020C419002057
:10E5F000C4190020CC190020CC190020D419002007
:10E60000D4190020DC190020DC190020E4190020B6
:10E61000E4190020EC190020EC190020F419002066
:10E62000F4190020FC190020FC190020041A002015
:10E63000041A00200C1A00200C1A0020141A0020C2
:10E64000141A00201C1A00201C1A0020241A002072
:10E65000241A00202C1A00202C1A0020341A002022
:10E66000341A00203C1A00203C1A0020441A0020D2
:10E67000441A00204C1A00204C1A0020541A002082
:10E68000541A00205C1A00205C1A0020641A002032
:10E69000641A00206C1A00206C1A0020741A0020E2
:10E6A000741A00207C1A00207C1A0020841A002092
:10E6B000841A00208C1A00208C1A0020941A002042
:10E6C000941A00209C1A00209C1A0020A41A0020F2
:10E6D000A41A0020AC1A0020AC1A0020B41A0020A2
:10E6E000B41A0020BC1A0020BC1A0020C41A002052
:10E6F000C41A0020CC1A0020CC1A0020D41A002002
:10E70000D41A0020DC1A0020DC1A0020E41A0020B1
:10E71000E41A0020EC1A0020EC1A0020F41A002061
:10E72000F41A0020FC1A0020FC1A0020041B002010
:10E73000041B00200C1B00200C1B0020141B0020BD
:10E74000141B00201C1B00201C1B0020241B00206D
:10E75000241B00202C1B00202C1B0020341B00201D
:10E76000341B00203C1B00203C1B0020FFFFFFFF50
:10E7700000000200000000000300000054230020FD
:10E78000F013002012010002EF020140C0168304C2
:10E7900080020102030100002800000000010400C3
:10E7A0000100000000000000020157494E5553428D
:10E7B0000000000000000000000000000000000059
:10E7C00012034D0053004600540031003000300069
:10E7D000F80000000C030000000000000000000032
:10E7E0000000000000000000000001000000000028
:10E7F0000000000000000000000000000000000019
:10E800000000000000000000000000000000000008
:10E8100000000000000000000000000000000000F8
:10E8200000000000000000000000000000000000E8
:10E8300000000000000000000000000000000000D8
:10E8400000000000000000000000000000000000C8
:10E8500000000000000000000000000000000000B8
:10E8600000000000000000000000000000000000A8
:10E870000000000000000000000000000000000098
:10E880000000000000000000000000000000000088
:10E890000000000000000000000000000000000078
:10E8A0000000000000000000000000000000000068
:10E8B0000000000000000000000000000000000058
:10E8C0000000000000000000000000000000000048
:10E8D0000000000000000000000000000000000038
:10E8E0000000000000000000000000000000000028
:10E8F0000000000000000000000000000000000018
:10E900000000000000000000000000000000000007
:10E9100000000000000000000000000000000000F7
:10E9200000000000000000000000000000000000E7
:10E9300000000000000000000000000000000000D7
:10E9400000000000000000000000000000000000C7
:10E9500000000000000000000000000000000000B7
:10E9600000000000000000000000000000000000A7
:10E970000000000000000000000000000000000097
:10E980000000000000000000000000000000000087
:10E990000000000000000000000000000000000077
:10E9A0000000000000000000000000000000000067
:10E9B0000000000000000000000000000000000057
:10E9C0000000000000000000000000000000000047
:10E9D0000000000000000000000000000000000037
:10E9E0000000000000000000000000000000000027
:10E9F0000000000000000000000000000000000017
:10EA00000000000000000000000000000000000006
:10EA100000000000000000000000000000000000F6
:10EA200000000000000000000000000000000000E6
:10EA300000000000000000000000000000000000D6
:10EA400000000000000000000000000000000000C6
:10EA500000000000000000000000000000000000B6
:10EA600000000000000000000000000000000000A6
:10EA70000000000000000000000000000000000096
:10EA80000000000000000000000000000000000086
:10EA90000000000000000000000000000000000076
:10EAA0000000000000000000000000000000000066
:10EAB0000000000000000000000000000000000056
:10EAC0000000000000000000000000000000000046
:10EAD0000000000000000000000000000000000036
:10EAE000FFFFFFFFFFFFFFFFFFFFFFFFFFFFFFFF36
:10EAF000FFFFFFFFFFFFFFFFFFFFFFFFFFFFFFFF26
:10EB0000FFFFFFFFFFFFFFFFFFFFFFFFFFFFFFFF15
:10EB1000FFFFFFFFFFFFFFFFFFFFFFFFFFFFFFFF05
:10EB2000FFFFFFFFFFFFFFFFFFFFFFFFFFFFFFFFF5
:10EB3000FFFFFFFFFFFFFFFFFFFFFFFFFFFFFFFFE5
:10EB4000FFFFFFFFFFFFFFFFFFFFFFFFFFFFFFFFD5
:10EB5000FFFFFFFFFFFFFFFFFFFFFFFFFFFFFFFFC5
:10EB6000FFFFFFFFFFFFFFFFFFFFFFFFFFFFFFFFB5
:10EB7000FFFFFFFFFFFFFFFFFFFFFFFFFFFFFFFFA5
:10EB8000FFFFFFFFFFFFFFFFFFFFFFFFFFFFFFFF95
:10EB9000FFFFFFFFFFFFFFFFFFFFFFFFFFFFFFFF85
:10EBA000FFFFFFFFFFFFFFFFFFFFFFFFFFFFFFFF75
:10EBB000FFFFFFFFFFFFFFFFFFFFFFFFFFFFFFFF65
:10EBC000FFFFFFFFFFFFFFFFFFFFFFFFFFFFFFFF55
:10EBD000FFFFFFFFFFFFFFFFFFFFFFFFFFFFFFFF45
:10EBE000FFFFFFFFFFFFFFFFFFFFFFFFFFFFFFFF35
:10EBF000FFFFFFFFFFFFFFFFFFFFFFFFFFFFFFFF25
:10EC00000000000000000000000000000000000004
:10EC100000000000000000000000000000000000F4
:10EC200000000000000000000000000000000000E4
:10EC300000000000000000000000000000000000D4
:10EC400000000000000000000000000000000000C4
:10EC500000000000000000000000000000000000B4
:10EC600000000000000000000000000000000000A4
:10EC70000000000000000000000000000000000094
:10EC80000000000000000000000000000000000084
:10EC90000000000000000000000000000000000074
:10ECA0000000000000000000000000000000000064
:10ECB0000000000000000000000000000000000054
:10ECC0000000000000000000000000000000000044
:10ECD0000000000000000000000000000000000034
:10ECE0000000000000000000000000000000000024
:10ECF0000000000000000000000000000000000014
:10ED00000000000000000000000000000000000003
:10ED100000000000000000000000000000000000F3
:10ED200000000000000000000000000000000000E3
:10ED300000000000000000000000000000000000D3
:10ED400000000000000000000000000000000000C3
:10ED500000000000000000000000000000000000B3
:10ED600000000000000000000000000000000000A3
:10ED70000000000000000000000000000000000093
:10ED80000000000000000000000000000000000083
:10ED90000000000000000000000000000000000073
:10EDA0000000000000000000000000000000000063
:10EDB0000000000000000000000000000000000053
:10EDC0000000000000000000000000000000000043
:10EDD0000000000000000000000000000000000033
:10EDE0000000000000000000000000000000000023
:10EDF0000000000000000000000000000000000013
:10EE00000000000000000000000000000000000002
:10EE100000000000000000000000000000000000F2
:10EE200000000000000000000000000000000000E2
:10EE300000000000000000000000000000000000D2
:10EE400000000000000000000000000000000000C2
:10EE500000000000000000000000000000000000B2
:10EE600000000000000000000000000000000000A2
:10EE70000000000000000000000000000000000092
:10EE80000000000000000000000000000000000082
:10EE90000000000000000000000000000000000072
:10EEA0000000000000000000000000000000000062
:10EEB0000000000000000000000000000000000052
:10EEC0000000000000000000000000000000000042
:10EED0000000000000000000000000000000000032
:10EEE0000000000000000000000000000000000022
:10EEF0000000000000000000000000000000000012
:10EF00000000000000000000000000000000000001
:10EF100000000000000000000000000000000000F1
:10EF200000000000000000000000000000000000E1
:10EF300000000000000000000000000000000000D1
:10EF400000000000000000000000000000000000C1
:10EF500000000000000000000000000000000000B1
:10EF600000000000000000000000000000000000A1
:10EF70000000000000000000000000000000000091
:10EF80000000000000000000000000000000000081
:10EF90000000000000000000000000000000000071
:10EFA0000000000000000000000000000000000061
:10EFB0000000000000000000000000000000000051
:10EFC0000000000000000000000000000000000041
:10EFD0000000000000000000000000000000000031
:10EFE0000000000000000000000000000000000021
:10EFF0000000000000000000000000000000000011
:10F000000000000000000000000000000000000000
:10F0100000000000000000000000000000000000F0
:10F0200000000000000000000000000000000000E0
:10F0300000000000000000000000000000000000D0
:10F0400000000000000000000000000000000000C0
:10F0500000000000000000000000000000000000B0
:10F0600000000000000000000000000000000000A0
:10F070000000000000000000000000000000000090
:10F080000000000000000000000000000000000080
:10F090000000000000000000000000000000000070
:10F0A0000000000000000000000000000000000060
:10F0B0000000000000000000000000000000000050
:10F0C0000000000000000000000000000000000040
:10F0D0000000000000000000000000000000000030
:10F0E0000000000000000000000000000000000020
:10F0F0000000000000000000000000000000000010
:10F1000000000000000000000000000000000000FF
:10F1100000000000000000000000000000000000EF
:10F1200000000000000000000000000000000000DF
:10F1300000000000000000000000000000000000CF
:10F1400000000000000000000000000000000000BF
:10F1500000000000000000000000000000000000AF
:10F16000000000000000000000000000000000009F
:10F17000000000000000000000000000000000008F
:10F18000000000000000000000000000000000007F
:10F19000000000000000000000000000000000006F
:10F1A000000000000000000000000000000000005F
:10F1B000000000000000000000000000000000004F
:10F1C000000000000000000000000000000000003F
:10F1D000000000000000000000000000000000002F
:10F1E000000000000000000000000000000000001F
:10F1F000000000000000000000000000000000000F
:10F2000000000000000000000000000000000000FE
:10F2100000000000000000000000000000000000EE
:10F2200000000000000000000000000000000000DE
:10F2300000000000000000000000000000000000CE
:10F2400000000000000000000000000000000000BE
:10F2500000000000000000000000000000000000AE
:10F26000000000000000000000000000000000009E
:10F27000000000000000000000000000000000008E
:10F28000000000000000000000000000000000007E
:10F29000000000000000000000000000000000006E
:10F2A000000000000000000000000000000000005E
:10F2B000000000000000000000000000000000004E
:10F2C000000000000000000000000000000000003E
:10F2D000000000000000000000000000000000002E
:10F2E000000000000000000000000000000000001E
:10F2F000000000000000000000000000000000000E
:10F3000000000000000000000000000000000000FD
:10F3100000000000000000000000000000000000ED
:10F3200000000000000000000000000000000000DD
:10F3300000000000000000000000000000000000CD
:10F3400000000000000000000000000000000000BD
:10F3500000000000000000000000000000000000AD
:10F36000000000000000000000000000000000009D
:10F37000000000000000000000000000000000008D
:10F38000000000000000000000000000000000007D
:10F39000000000000000000000000000000000006D
:10F3A000000000000000000000000000000000005D
:10F3B000000000000000000000000000000000004D
:10F3C000000000000000000000000000000000003D
:10F3D000000000000000000000000000000000002D
:10F3E000000000000000000000000000000000001D
:10F3F000000000000000000000000000000000000D
:10F4000000000000000000000000000000000000FC
:10F4100000000000000000000000000000000000EC
:10F4200000000000000000000000000000000000DC
:10F4300000000000000000000000000000000000CC
:10F4400000000000000000000000000000000000BC
:10F4500000000000000000000000000000000000AC
:10F46000000000000000000000000000000000009C
:10F47000000000000000000000000000000000008C
:10F48000000000000000000000000000000000007C
:10F49000000000000000000000000000000000006C
:10F4A000000000000000000000000000000000005C
:10F4B000000000000000000000000000000000004C
:10F4C000000000000000000000000000000000003C
:10F4D000000000000000000000000000000000002C
:10F4E000000000000000000000000000000000001C
:10F4F000000000000000000000000000000000000C
:10F5000000000000000000000000000000000000FB
:10F5100000000000000000000000000000000000EB
:10F5200000000000000000000000000000000000DB
:10F5300000000000000000000000000000000000CB
:10F5400000000000000000000000000000000000BB
:10F5500000000000000000000000000000000000AB
:10F56000000000000000000000000000000000009B
:10F57000000000000000000000000000000000008B
:10F58000000000000000000000000000000000007B
:10F59000000000000000000000000000000000006B
:10F5A000000000000000000000000000000000005B
:10F5B000000000000000000000000000000000004B
:10F5C000000000000000000000000000000000003B
:10F5D000000000000000000000000000000000002B
:10F5E000000000000000000000000000000000001B
:10F5F000000000000000000000000000000000000B
:10F6000000000000000000000000000000000000FA
:10F6100000000000000000000000000000000000EA
:10F6200000000000000000000000000000000000DA
:10F6300000000000000000000000000000000000CA
:10F6400000000000000000000000000000000000BA
:10F6500000000000000000000000000000000000AA
:10F66000000000000000000000000000000000009A
:10F67000000000000000000000000000000000008A
:10F68000000000000000000000000000000000007A
:10F69000000000000000000000000000000000006A
:10F6A000000000000000000000000000000000005A
:10F6B000000000000000000000000000000000004A
:10F6C000000000000000000000000000000000003A
:10F6D000000000000000000000000000000000002A
:10F6E000000000000000000000000000000000001A
:10F6F000000000000000000000000000000000000A
:10F7000000000000000000000000000000000000F9
:10F7100000000000000000000000000000000000E9
:10F7200000000000000000000000000000000000D9
:10F7300000000000000000000000000000000000C9
:10F7400000000000000000000000000000000000B9
:10F7500000000000000000000000000000000000A9
:10F760000000000000000000000000000000000099
:10F770000000000000000000000000000000000089
:10F780000000000000000000000000000000000079
:10F790000000000000000000000000000000000069
:10F7A0000000000000000000000000000000000059
:10F7B0000000000000000000000000000000000049
:10F7C0000000000000000000000000000000000039
:10F7D0000000000000000000000000000000000029
:10F7E0000000000000000000000000000000000019
:10F7F0000000000000000000000000000000000009
:040000056000100087
:00000001FF
